demand_zone_id,demand_zone_name,demand,shortage_penalty,latitude,longitude
DZ001,Customer Market 1,567,944,24.25706,76.4051
DZ002,Customer Market 2,752,714,17.54532,77.47089
DZ003,Customer Market 3,770,732,10.69125,80.59109
DZ004,Customer Market 4,543,772,11.45015,79.24204
DZ005,Customer Market 5,799,947,32.54744,72.3566
DZ006,Customer Market 6,494,906,31.21452,85.63382
DZ007,Customer Market 7,469,660,25.99268,86.78665
DZ008,Customer Market 8,691,720,15.14675,74.31411
DZ009,Customer Market 9,668,896,32.72941,81.1416
DZ010,Customer Market 10,419,667,27.96877,73.7915
DZ011,Customer Market 11,766,906,26.42225,83.09196
DZ012,Customer Market 12,449,734,19.73404,76.64036
DZ013,Customer Market 13,752,925,15.30604,82.88047
DZ014,Customer Market 14,353,738,10.90977,83.99541
DZ015,Customer Market 15,748,780,31.06506,84.68268
DZ016,Customer Market 16,743,848,19.89441,73.77773
DZ017,Customer Market 17,740,687,13.55908,87.1142
DZ018,Customer Market 18,682,817,16.14892,75.79853
DZ019,Customer Market 19,585,801,22.98049,72.61731
DZ020,Customer Market 20,702,885,12.91932,81.15507
DZ021,Customer Market 21,488,948,29.91536,78.12022
DZ022,Customer Market 22,740,849,27.46299,85.69153
DZ023,Customer Market 23,627,772,26.48657,85.33615
DZ024,Customer Market 24,579,771,19.30233,77.23279
DZ025,Customer Market 25,602,775,24.18272,87.72284
DZ026,Customer Market 26,634,894,23.10245,76.80014
DZ027,Customer Market 27,368,746,24.74617,80.49844
DZ028,Customer Market 28,419,700,10.61111,76.22342
DZ029,Customer Market 29,472,750,18.89519,87.44472
DZ030,Customer Market 30,407,656,9.54035,74.71603
DZ031,Customer Market 31,569,681,20.84977,72.74103
DZ032,Customer Market 32,684,677,16.74653,79.1791
DZ033,Customer Market 33,677,881,12.1131,88.3742
DZ034,Customer Market 34,585,866,11.08507,86.71267
DZ035,Customer Market 35,777,859,23.19111,84.35203
DZ036,Customer Market 36,632,788,12.76482,86.69808
DZ037,Customer Market 37,389,865,31.628,86.74187
DZ038,Customer Market 38,732,698,23.02653,80.56116
DZ039,Customer Market 39,637,920,17.17175,77.21283
DZ040,Customer Market 40,667,800,23.27289,84.73821
DZ041,Customer Market 41,632,931,9.0701,82.91741
DZ042,Customer Market 42,626,695,32.46398,78.16535
DZ043,Customer Market 43,395,799,20.55759,73.5587
DZ044,Customer Market 44,629,858,28.06838,84.32203
DZ045,Customer Market 45,747,798,10.56825,76.3306
DZ046,Customer Market 46,501,783,20.66646,87.45742
DZ047,Customer Market 47,651,699,20.76767,75.97601
DZ048,Customer Market 48,365,764,31.94566,74.02551
DZ049,Customer Market 49,523,721,22.7932,85.71336
DZ050,Customer Market 50,568,740,20.33724,74.52919
