warehouse_id,demand_zone_id,distance_km,transport_cost
WH01,DZ001,1392.1,301.05
WH01,DZ002,819.44,206.57
WH01,DZ003,558.31,157.18
WH01,DZ004,625.72,145.24
WH01,DZ005,2373.51,520.61
WH01,DZ006,1899.01,474.96
WH01,DZ007,1338.93,357.07
WH01,DZ008,1078.24,259.09
WH01,DZ009,2086.99,438.42
WH01,DZ010,1878.3,381.1
WH01,DZ011,1366.85,300.22
WH01,DZ012,1020.91,222.12
WH01,DZ013,196.41,65.06
WH01,DZ014,365.13,89.76
WH01,DZ015,1877.86,438.33
WH01,DZ016,1284.8,320.93
WH01,DZ017,312.77,90.01
WH01,DZ018,936.97,209.33
WH01,DZ019,1570.38,398.78
WH01,DZ020,366.62,105.88
WH01,DZ021,1860.47,461.28
WH01,DZ022,1484.03,315.34
WH01,DZ023,1372.65,292.28
WH01,DZ024,942.46,254.73
WH01,DZ025,1168.97,271.69
WH01,DZ026,1266.82,285.21
WH01,DZ027,1239.93,294.25
WH01,DZ028,961.47,243.06
WH01,DZ029,622.8,176.41
WH01,DZ030,1162.16,262.0
WH01,DZ031,1430.6,375.89
WH01,DZ032,617.38,136.4
WH01,DZ033,498.55,131.5
WH01,DZ034,433.21,119.1
WH01,DZ035,1001.9,216.63
WH01,DZ036,304.43,78.0
WH01,DZ037,1956.04,445.26
WH01,DZ038,1058.92,286.32
WH01,DZ039,827.18,208.16
WH01,DZ040,1012.08,272.4
WH01,DZ041,587.58,161.58
WH01,DZ042,2125.72,488.67
WH01,DZ043,1340.64,341.7
WH01,DZ044,1544.21,316.52
WH01,DZ045,952.94,207.04
WH01,DZ046,795.57,213.09
WH01,DZ047,1145.65,295.73
WH01,DZ048,2233.9,480.32
WH01,DZ049,969.32,236.64
WH01,DZ050,1241.38,303.8
WH02,DZ001,1198.58,313.88
WH02,DZ002,1220.07,298.69
WH02,DZ003,1516.51,348.61
WH02,DZ004,1526.58,347.14
WH02,DZ005,1907.65,435.49
WH02,DZ006,1010.78,253.84
WH02,DZ007,420.72,123.19
WH02,DZ008,1644.68,380.8
WH02,DZ009,1333.54,294.85
WH02,DZ010,1555.02,339.9
WH02,DZ011,668.43,178.49
WH02,DZ012,1210.58,312.89
WH02,DZ013,949.6,206.13
WH02,DZ014,1341.78,281.24
WH02,DZ015,1020.69,252.37
WH02,DZ016,1496.15,319.2
WH02,DZ017,983.24,258.37
WH02,DZ018,1451.1,325.03
WH02,DZ019,1575.37,334.99
WH02,DZ020,1273.59,336.56
WH02,DZ021,1291.35,279.35
WH02,DZ022,611.43,145.94
WH02,DZ023,529.91,124.01
WH02,DZ024,1165.67,250.07
WH02,DZ025,203.66,55.63
WH02,DZ026,1147.57,242.05
WH02,DZ027,805.55,181.0
WH02,DZ028,1807.67,371.8
WH02,DZ029,389.55,107.81
WH02,DZ030,2007.09,488.88
WH02,DZ031,1582.05,361.03
WH02,DZ032,1111.94,253.66
WH02,DZ033,1140.75,273.33
WH02,DZ034,1261.26,329.83
WH02,DZ035,381.52,113.13
WH02,DZ036,1075.83,227.11
WH02,DZ037,1037.11,228.69
WH02,DZ038,762.88,175.41
WH02,DZ039,1263.9,280.47
WH02,DZ040,345.68,97.27
WH02,DZ041,1573.36,361.37
WH02,DZ042,1480.45,307.02
WH02,DZ043,1503.6,342.12
WH02,DZ044,732.31,182.94
WH02,DZ045,1803.36,376.36
WH02,DZ046,195.96,67.53
WH02,DZ047,1251.97,262.34
WH02,DZ048,1739.78,452.73
WH02,DZ049,235.93,63.39
WH02,DZ050,1408.97,363.32
WH03,DZ001,1578.05,410.35
WH03,DZ002,828.45,229.19
WH03,DZ003,357.81,106.06
WH03,DZ004,253.44,80.43
WH03,DZ005,2549.12,609.76
WH03,DZ006,2498.15,618.86
WH03,DZ007,2026.33,424.99
WH03,DZ008,652.53,165.55
WH03,DZ009,2546.22,589.06
WH03,DZ010,2022.44,514.57
WH03,DZ011,1912.3,440.88
WH03,DZ012,1074.67,250.35
WH03,DZ013,831.81,211.59
WH03,DZ014,729.32,169.88
WH03,DZ015,2450.73,511.33
WH03,DZ016,1155.92,274.76
WH03,DZ017,1127.42,264.05
WH03,DZ018,694.44,161.01
WH03,DZ019,1519.45,344.96
WH03,DZ020,517.78,129.13
WH03,DZ021,2205.23,487.26
WH03,DZ022,2118.43,475.56
WH03,DZ023,2005.4,489.11
WH03,DZ024,1023.88,233.56
WH03,DZ025,1911.62,498.28
WH03,DZ026,1447.61,379.35
WH03,DZ027,1662.19,387.46
WH03,DZ028,138.51,46.95
WH03,DZ029,1459.25,347.36
WH03,DZ030,297.92,92.66
WH03,DZ031,1294.54,319.82
WH03,DZ032,764.81,204.36
WH03,DZ033,1220.69,293.38
WH03,DZ034,1026.36,256.2
WH03,DZ035,1633.91,361.53
WH03,DZ036,1058.33,270.5
WH03,DZ037,2581.35,547.61
WH03,DZ038,1477.19,366.17
WH03,DZ039,787.05,212.63
WH03,DZ040,1660.84,351.05
WH03,DZ041,618.16,161.06
WH03,DZ042,2488.59,512.15
WH03,DZ043,1233.04,311.24
WH03,DZ044,2126.2,438.56
WH03,DZ045,125.88,51.76
WH03,DZ046,1595.49,338.42
WH03,DZ047,1196.12,320.2
WH03,DZ048,2453.96,611.56
WH03,DZ049,1667.3,400.31
WH03,DZ050,1178.96,302.7
WH04,DZ001,574.19,157.99
WH04,DZ002,1296.56,344.31
WH04,DZ003,2073.11,449.63
WH04,DZ004,1976.14,470.55
WH04,DZ005,663.98,148.6
WH04,DZ006,756.81,193.05
WH04,DZ007,925.49,205.26
WH04,DZ008,1609.51,384.2
WH04,DZ009,488.04,129.7
WH04,DZ010,443.24,116.18
WH04,DZ011,578.36,148.31
WH04,DZ012,1062.01,273.35
WH04,DZ013,1619.46,410.14
WH04,DZ014,2122.54,491.2
WH04,DZ015,665.21,171.23
WH04,DZ016,1122.54,299.78
WH04,DZ017,1970.25,411.87
WH04,DZ018,1469.37,311.1
WH04,DZ019,881.76,191.57
WH04,DZ020,1836.38,446.32
WH04,DZ021,80.57,35.48
WH04,DZ022,766.13,203.16
WH04,DZ023,771.09,199.13
WH04,DZ024,1103.14,252.89
WH04,DZ025,1104.65,293.01
WH04,DZ026,689.53,184.27
WH04,DZ027,547.82,132.02
WH04,DZ028,2075.27,464.28
WH04,DZ029,1484.74,332.55
WH04,DZ030,2213.5,465.86
WH04,DZ031,1073.43,233.8
WH04,DZ032,1388.01,366.29
WH04,DZ033,2175.68,495.77
WH04,DZ034,2202.2,494.19
WH04,DZ035,912.12,235.51
WH04,DZ036,2030.41,478.31
WH04,DZ037,870.46,237.32
WH04,DZ038,727.66,194.23
WH04,DZ039,1339.6,315.66
WH04,DZ040,932.19,218.98
WH04,DZ041,2292.77,598.88
WH04,DZ042,364.0,105.32
WH04,DZ043,1063.91,286.55
WH04,DZ044,618.67,140.54
WH04,DZ045,2079.0,527.5
WH04,DZ046,1335.4,328.0
WH04,DZ047,960.97,209.44
WH04,DZ048,496.87,132.25
WH04,DZ049,1040.19,262.95
WH04,DZ050,1048.64,219.68
WH05,DZ001,338.83,92.79
WH05,DZ002,786.49,210.68
WH05,DZ003,1514.92,337.14
WH05,DZ004,1428.9,333.62
WH05,DZ005,1167.61,274.72
WH05,DZ006,962.94,221.0
WH05,DZ007,733.24,202.26
WH05,DZ008,1164.69,299.17
WH05,DZ009,948.04,206.15
WH05,DZ010,721.44,203.08
WH05,DZ011,411.13,121.18
WH05,DZ012,599.46,143.38
WH05,DZ013,1051.39,275.72
WH05,DZ014,1554.22,327.08
WH05,DZ015,896.04,247.35
WH05,DZ016,785.54,202.22
WH05,DZ017,1422.01,349.22
WH05,DZ018,994.58,214.17
WH05,DZ019,740.74,203.08
WH05,DZ020,1273.17,264.66
WH05,DZ021,645.72,151.26
WH05,DZ022,691.2,156.22
WH05,DZ023,612.06,166.35
WH05,DZ024,612.48,142.59
WH05,DZ025,808.61,220.55
WH05,DZ026,327.94,95.3
WH05,DZ027,91.23,33.87
WH05,DZ028,1566.19,319.59
WH05,DZ029,996.27,212.03
WH05,DZ030,1724.81,414.79
WH05,DZ031,814.69,216.24
WH05,DZ032,841.06,191.75
WH05,DZ033,1630.91,418.0
WH05,DZ034,1642.47,339.68
WH05,DZ035,484.34,136.54
WH05,DZ036,1475.57,387.34
WH05,DZ037,1065.86,274.83
WH05,DZ038,163.26,57.61
WH05,DZ039,834.35,222.97
WH05,DZ040,520.25,118.0
WH05,DZ041,1725.65,371.59
WH05,DZ042,921.78,201.74
WH05,DZ043,759.47,188.09
WH05,DZ044,620.14,166.97
WH05,DZ045,1568.18,381.19
WH05,DZ046,888.56,236.92
WH05,DZ047,550.93,128.33
WH05,DZ048,1018.99,261.15
WH05,DZ049,630.48,146.07
WH05,DZ050,693.77,162.63
WH06,DZ001,377.61,108.32
WH06,DZ002,1127.52,304.54
WH06,DZ003,1949.38,467.03
WH06,DZ004,1830.47,376.41
WH06,DZ005,626.13,162.98
WH06,DZ006,1100.5,231.87
WH06,DZ007,1168.95,307.84
WH06,DZ008,1370.87,342.47
WH06,DZ009,823.84,184.65
WH06,DZ010,143.4,44.83
WH06,DZ011,797.76,179.87
WH06,DZ012,871.94,240.17
WH06,DZ013,1570.06,364.8
WH06,DZ014,2059.78,514.36
WH06,DZ015,1009.85,252.61
WH06,DZ016,851.51,212.43
WH06,DZ017,1983.38,417.63
WH06,DZ018,1258.77,334.87
WH06,DZ019,557.57,135.23
WH06,DZ020,1733.28,413.72
WH06,DZ021,400.36,113.39
WH06,DZ022,1042.15,260.95
WH06,DZ023,1017.21,274.18
WH06,DZ024,931.31,205.08
WH06,DZ025,1311.49,311.82
WH06,DZ026,512.09,129.23
WH06,DZ027,614.96,154.52
WH06,DZ028,1876.16,392.93
WH06,DZ029,1576.54,334.27
WH06,DZ030,1992.17,435.78
WH06,DZ031,772.95,180.95
WH06,DZ032,1261.21,294.15
WH06,DZ033,2194.0,523.19
WH06,DZ034,2185.62,524.45
WH06,DZ035,1040.85,244.81
WH06,DZ036,2028.63,459.83
WH06,DZ037,1214.97,267.82
WH06,DZ038,735.32,186.75
WH06,DZ039,1163.03,264.45
WH06,DZ040,1071.26,225.71
WH06,DZ041,2201.57,498.81
WH06,DZ042,629.42,157.73
WH06,DZ043,782.97,179.01
WH06,DZ044,907.2,225.11
WH06,DZ045,1881.63,446.11
WH06,DZ046,1460.48,362.9
WH06,DZ047,748.26,192.65
WH06,DZ048,510.83,137.7
WH06,DZ049,1184.41,268.93
WH06,DZ050,793.47,210.4
WH07,DZ001,801.74,199.88
WH07,DZ002,353.51,95.44
WH07,DZ003,1016.6,253.5
WH07,DZ004,856.42,201.74
WH07,DZ005,1697.91,398.76
WH07,DZ006,1927.94,477.04
WH07,DZ007,1619.18,418.87
WH07,DZ008,247.12,81.68
WH07,DZ009,1847.0,431.12
WH07,DZ010,1179.84,283.25
WH07,DZ011,1365.36,348.93
WH07,DZ012,372.5,96.44
WH07,DZ013,959.79,253.47
WH07,DZ014,1281.32,303.92
WH07,DZ015,1858.57,389.01
WH07,DZ016,284.09,72.41
WH07,DZ017,1452.49,373.78
WH07,DZ018,221.97,59.82
WH07,DZ019,644.59,152.74
WH07,DZ020,900.07,209.58
WH07,DZ021,1452.97,312.91
WH07,DZ022,1632.22,363.8
WH07,DZ023,1535.36,384.43
WH07,DZ024,390.89,91.93
WH07,DZ025,1601.12,408.51
WH07,DZ026,695.7,190.09
WH07,DZ027,1052.57,244.7
WH07,DZ028,783.57,175.43
WH07,DZ029,1415.51,343.32
WH07,DZ030,872.05,191.45
WH07,DZ031,414.75,106.9
WH07,DZ032,539.64,155.7
WH07,DZ033,1637.02,434.4
WH07,DZ034,1523.17,384.34
WH07,DZ035,1245.77,281.54
WH07,DZ036,1441.14,357.05
WH07,DZ037,2031.3,497.64
WH07,DZ038,918.98,216.81
WH07,DZ039,326.58,94.61
WH07,DZ040,1284.66,265.42
WH07,DZ041,1323.05,289.43
WH07,DZ042,1726.96,406.6
WH07,DZ043,360.49,89.93
WH07,DZ044,1581.65,338.44
WH07,DZ045,791.5,212.46
WH07,DZ046,1446.45,385.67
WH07,DZ047,424.71,114.79
WH07,DZ048,1621.54,414.67
WH07,DZ049,1349.98,361.42
WH07,DZ050,333.18,83.83
WH08,DZ001,1004.16,239.16
WH08,DZ002,1709.3,388.53
WH08,DZ003,2455.94,503.38
WH08,DZ004,2371.19,584.96
WH08,DZ005,701.7,171.88
WH08,DZ006,572.12,144.83
WH08,DZ007,1009.05,220.96
WH08,DZ008,2037.47,433.07
WH08,DZ009,120.95,50.18
WH08,DZ010,788.66,170.83
WH08,DZ011,771.95,177.1
WH08,DZ012,1483.9,330.29
WH08,DZ013,1965.57,455.99
WH08,DZ014,2467.18,582.28
WH08,DZ015,493.86,128.32
WH08,DZ016,1553.16,324.7
WH08,DZ017,2259.52,487.17
WH08,DZ018,1892.32,481.12
WH08,DZ019,1298.92,319.6
WH08,DZ020,2211.0,532.3
WH08,DZ021,357.1,102.45
WH08,DZ022,814.35,214.11
WH08,DZ023,876.61,188.86
WH08,DZ024,1519.72,344.93
WH08,DZ025,1225.24,294.93
WH08,DZ026,1115.48,255.87
WH08,DZ027,894.16,237.91
WH08,DZ028,2491.47,571.95
WH08,DZ029,1718.23,430.67
WH08,DZ030,2635.94,663.7
WH08,DZ031,1500.15,353.7
WH08,DZ032,1782.72,461.71
WH08,DZ033,2455.5,579.71
WH08,DZ034,2510.98,632.92
WH08,DZ035,1152.62,263.96
WH08,DZ036,2330.75,538.56
WH08,DZ037,660.7,167.19
WH08,DZ038,1085.39,233.25
WH08,DZ039,1754.2,398.92
WH08,DZ040,1159.27,307.9
WH08,DZ041,2653.83,632.13
WH08,DZ042,161.27,49.63
WH08,DZ043,1493.76,336.75
WH08,DZ044,675.83,155.3
WH08,DZ045,2494.58,502.59
WH08,DZ046,1541.98,403.82
WH08,DZ047,1388.27,323.75
WH08,DZ048,554.52,134.82
WH08,DZ049,1249.52,305.08
WH08,DZ050,1479.34,302.92
WH09,DZ001,733.55,171.32
WH09,DZ002,1487.25,369.3
WH09,DZ003,2294.3,549.47
WH09,DZ004,2184.63,570.96
WH09,DZ005,373.17,104.85
WH09,DZ006,943.08,227.49
WH09,DZ007,1205.56,307.46
WH09,DZ008,1749.75,452.87
WH09,DZ009,552.19,149.88
WH09,DZ010,369.93,113.3
WH09,DZ011,868.17,228.05
WH09,DZ012,1236.87,323.19
WH09,DZ013,1872.66,391.63
WH09,DZ014,2372.67,581.97
WH09,DZ015,852.62,205.34
WH09,DZ016,1231.63,297.44
WH09,DZ017,2245.3,540.95
WH09,DZ018,1632.25,430.59
WH09,DZ019,925.9,254.03
WH09,DZ020,2067.24,452.85
WH09,DZ021,249.52,78.59
WH09,DZ022,1035.48,266.08
WH09,DZ023,1052.51,242.95
WH09,DZ024,1290.29,275.74
WH09,DZ025,1392.07,288.93
WH09,DZ026,865.38,227.11
WH09,DZ027,822.0,201.27
WH09,DZ028,2248.56,587.58
WH09,DZ029,1773.41,410.41
WH09,DZ030,2369.47,616.96
WH09,DZ031,1149.34,268.45
WH09,DZ032,1604.02,405.86
WH09,DZ033,2452.64,503.44
WH09,DZ034,2469.33,578.08
WH09,DZ035,1202.55,309.84
WH09,DZ036,2301.52,592.33
WH09,DZ037,1049.05,274.19
WH09,DZ038,989.93,209.84
WH09,DZ039,1525.77,346.82
WH09,DZ040,1223.41,256.47
WH09,DZ041,2531.0,522.8
WH09,DZ042,292.6,87.51
WH09,DZ043,1162.73,293.67
WH09,DZ044,885.15,231.64
WH09,DZ045,2253.6,572.2
WH09,DZ046,1626.64,405.8
WH09,DZ047,1118.9,289.58
WH09,DZ048,205.07,56.38
WH09,DZ049,1331.82,293.37
WH09,DZ050,1172.84,289.25
WH10,DZ001,780.78,210.97
WH10,DZ002,1291.16,266.18
WH10,DZ003,1937.26,452.61
WH10,DZ004,1878.18,458.31
WH10,DZ005,1146.15,239.89
WH10,DZ006,439.65,113.39
WH10,DZ007,429.85,126.28
WH10,DZ008,1685.59,412.68
WH10,DZ009,561.13,133.55
WH10,DZ010,909.27,242.08
WH10,DZ011,170.99,54.17
WH10,DZ012,1122.73,294.26
WH10,DZ013,1407.12,314.7
WH10,DZ014,1898.41,452.81
WH10,DZ015,379.64,100.22
WH10,DZ016,1300.05,290.09
WH10,DZ017,1655.62,427.87
WH10,DZ018,1510.12,325.94
WH10,DZ019,1184.1,251.46
WH10,DZ020,1683.95,377.72
WH10,DZ021,526.82,143.78
WH10,DZ022,265.64,83.93
WH10,DZ023,278.99,91.26
WH10,DZ024,1130.04,255.95
WH10,DZ025,627.59,154.53
WH10,DZ026,827.47,183.43
WH10,DZ027,438.61,118.53
WH10,DZ028,2056.57,540.7
WH10,DZ029,1102.77,278.65
WH10,DZ030,2226.23,528.44
WH10,DZ031,1308.56,301.58
WH10,DZ032,1308.61,344.78
WH10,DZ033,1846.93,430.34
WH10,DZ034,1914.8,402.48
WH10,DZ035,546.01,135.17
WH10,DZ036,1731.46,358.29
WH10,DZ037,541.37,128.13
WH10,DZ038,602.76,133.25
WH10,DZ039,1340.43,313.64
WH10,DZ040,547.85,145.64
WH10,DZ041,2100.46,466.99
WH10,DZ042,686.36,167.9
WH10,DZ043,1265.38,337.58
WH10,DZ044,125.27,49.34
WH10,DZ045,2057.22,482.84
WH10,DZ046,925.47,212.04
WH10,DZ047,1073.33,285.19
WH10,DZ048,975.56,219.48
WH10,DZ049,633.59,152.33
WH10,DZ050,1210.03,319.86
WH11,DZ001,1246.43,298.93
WH11,DZ002,500.81,138.49
WH11,DZ003,333.04,94.87
WH11,DZ004,213.05,68.53
WH11,DZ005,2243.84,491.61
WH11,DZ006,2090.43,451.69
WH11,DZ007,1611.35,360.23
WH11,DZ008,563.84,130.96
WH11,DZ009,2162.01,550.94
WH11,DZ010,1718.21,378.77
WH11,DZ011,1507.05,360.6
WH11,DZ012,759.27,202.4
WH11,DZ013,450.14,127.75
WH11,DZ014,587.22,146.95
WH11,DZ015,2046.07,472.16
WH11,DZ016,928.36,255.26
WH11,DZ017,854.66,218.83
WH11,DZ018,480.13,135.99
WH11,DZ019,1275.52,335.55
WH11,DZ020,216.08,71.61
WH11,DZ021,1843.64,393.95
WH11,DZ022,1705.75,405.77
WH11,DZ023,1592.39,334.26
WH11,DZ024,693.05,180.07
WH11,DZ025,1498.64,395.66
WH11,DZ026,1112.14,267.51
WH11,DZ027,1272.58,297.04
WH11,DZ028,446.71,103.45
WH11,DZ029,1072.52,289.29
WH11,DZ030,648.87,145.93
WH11,DZ031,1079.2,227.61
WH11,DZ032,375.92,95.31
WH11,DZ033,1003.25,214.29
WH11,DZ034,853.48,206.36
WH11,DZ035,1219.43,291.81
WH11,DZ036,813.47,189.95
WH11,DZ037,2171.16,443.0
WH11,DZ038,1083.57,233.35
WH11,DZ039,474.45,120.4
WH11,DZ040,1246.01,261.84
WH11,DZ041,625.57,166.29
WH11,DZ042,2126.27,454.64
WH11,DZ043,1000.25,228.9
WH11,DZ044,1718.37,390.66
WH11,DZ045,441.66,114.3
WH11,DZ046,1194.14,247.15
WH11,DZ047,891.94,195.0
WH11,DZ048,2132.55,542.18
WH11,DZ049,1252.81,258.48
WH11,DZ050,921.38,224.5
WH12,DZ001,1062.61,254.84
WH12,DZ002,917.45,213.23
WH12,DZ003,1189.14,278.62
WH12,DZ004,1192.35,305.76
WH12,DZ005,1912.87,485.84
WH12,DZ006,1228.36,273.91
WH12,DZ007,656.46,157.07
WH12,DZ008,1332.49,294.18
WH12,DZ009,1469.34,344.52
WH12,DZ010,1489.72,368.03
WH12,DZ011,746.07,171.5
WH12,DZ012,952.13,220.48
WH12,DZ013,619.57,174.55
WH12,DZ014,1046.24,221.65
WH12,DZ015,1216.29,286.84
WH12,DZ016,1249.7,314.06
WH12,DZ017,749.29,168.33
WH12,DZ018,1141.05,240.19
WH12,DZ019,1391.85,297.4
WH12,DZ020,942.34,254.17
WH12,DZ021,1327.17,273.55
WH12,DZ022,811.18,182.87
WH12,DZ023,703.79,153.55
WH12,DZ024,895.4,195.61
WH12,DZ025,490.9,131.97
WH12,DZ026,979.61,220.73
WH12,DZ027,740.89,187.09
WH12,DZ028,1472.04,355.3
WH12,DZ029,227.98,75.61
WH12,DZ030,1671.83,340.0
WH12,DZ031,1355.47,351.12
WH12,DZ032,789.47,200.72
WH12,DZ033,938.76,207.45
WH12,DZ034,1015.33,262.78
WH12,DZ035,365.42,109.31
WH12,DZ036,829.51,190.2
WH12,DZ037,1278.21,337.53
WH12,DZ038,622.51,155.37
WH12,DZ039,957.79,238.53
WH12,DZ040,360.39,111.48
WH12,DZ041,1270.7,290.89
WH12,DZ042,1560.53,397.29
WH12,DZ043,1270.21,287.32
WH12,DZ044,890.14,234.31
WH12,DZ045,1467.65,355.27
WH12,DZ046,187.44,55.59
WH12,DZ047,1019.11,240.21
WH12,DZ048,1753.58,389.96
WH12,DZ049,291.92,74.09
WH12,DZ050,1169.36,244.44
WH13,DZ001,1797.86,402.59
WH13,DZ002,1101.39,230.41
WH13,DZ003,346.49,87.13
WH13,DZ004,514.57,141.15
WH13,DZ005,2799.42,679.0
WH13,DZ006,2413.56,592.58
WH13,DZ007,1854.88,411.43
WH13,DZ008,1177.84,310.47
WH13,DZ009,2584.32,610.21
WH13,DZ010,2284.27,475.79
WH13,DZ011,1871.73,394.88
WH13,DZ012,1349.97,336.14
WH13,DZ013,639.23,147.0
WH13,DZ014,153.94,52.75
WH13,DZ015,2390.2,624.21
WH13,DZ016,1553.4,316.97
WH13,DZ017,587.02,130.15
WH13,DZ018,1112.19,301.59
WH13,DZ019,1889.4,450.08
WH13,DZ020,452.85,107.54
WH13,DZ021,2328.96,595.22
WH13,DZ022,1999.42,511.76
WH13,DZ023,1887.58,444.0
WH13,DZ024,1275.57,312.92
WH13,DZ025,1681.21,369.93
WH13,DZ026,1664.97,343.42
WH13,DZ027,1715.49,411.43
WH13,DZ028,810.41,188.36
WH13,DZ029,1115.68,279.04
WH13,DZ030,969.1,255.66
WH13,DZ031,1704.89,347.83
WH13,DZ032,925.42,230.64
WH13,DZ033,596.14,140.57
WH13,DZ034,383.14,114.15
WH13,DZ035,1514.19,333.03
WH13,DZ036,491.73,131.85
WH13,DZ037,2471.91,578.37
WH13,DZ038,1527.09,349.35
WH13,DZ039,1086.07,273.11
WH13,DZ040,1526.1,380.61
WH13,DZ041,91.06,39.29
WH13,DZ042,2602.53,640.62
WH13,DZ043,1622.71,429.57
WH13,DZ044,2055.71,467.06
WH13,DZ045,798.19,197.27
WH13,DZ046,1300.16,268.57
WH13,DZ047,1483.97,377.17
WH13,DZ048,2672.05,618.25
WH13,DZ049,1485.46,341.41
WH13,DZ050,1537.28,322.51
WH14,DZ001,1325.55,346.84
WH14,DZ002,577.89,143.2
WH14,DZ003,417.78,116.98
WH14,DZ004,248.56,66.89
WH14,DZ005,2297.71,596.59
WH14,DZ006,2269.99,480.24
WH14,DZ007,1820.84,390.91
WH14,DZ008,436.2,126.72
WH14,DZ009,2301.41,590.58
WH14,DZ010,1770.75,382.0
WH14,DZ011,1682.6,390.83
WH14,DZ012,822.09,214.38
WH14,DZ013,699.76,192.09
WH14,DZ014,762.24,182.42
WH14,DZ015,2219.04,516.11
WH14,DZ016,912.27,236.25
WH14,DZ017,1087.47,277.15
WH14,DZ018,446.2,126.78
WH14,DZ019,1274.96,308.6
WH14,DZ020,438.58,103.98
WH14,DZ021,1954.91,503.68
WH14,DZ022,1900.37,485.67
WH14,DZ023,1788.67,450.8
WH14,DZ024,772.3,170.42
WH14,DZ025,1722.84,371.29
WH14,DZ026,1195.4,303.68
WH14,DZ027,1421.75,293.16
WH14,DZ028,219.05,75.75
WH14,DZ029,1319.47,302.68
WH14,DZ030,411.02,116.47
WH14,DZ031,1054.69,279.95
WH14,DZ032,534.49,133.77
WH14,DZ033,1219.5,276.6
WH14,DZ034,1050.2,260.09
WH14,DZ035,1424.71,343.66
WH14,DZ036,1036.78,243.75
WH14,DZ037,2356.85,559.3
WH14,DZ038,1239.86,329.31
WH14,DZ039,535.39,136.64
WH14,DZ040,1454.37,315.36
WH14,DZ041,727.99,174.92
WH14,DZ042,2238.15,503.46
WH14,DZ043,989.0,215.65
WH14,DZ044,1899.06,402.66
WH14,DZ045,218.23,70.29
WH14,DZ046,1434.33,324.1
WH14,DZ047,943.57,256.68
WH14,DZ048,2201.49,475.09
WH14,DZ049,1471.98,309.95
WH14,DZ050,930.4,241.27
WH15,DZ001,951.75,254.19
WH15,DZ002,1235.08,276.71
WH15,DZ003,1741.38,374.86
WH15,DZ004,1712.41,367.16
WH15,DZ005,1511.68,357.91
WH15,DZ006,627.02,156.95
WH15,DZ007,115.28,41.19
WH15,DZ008,1660.01,341.89
WH15,DZ009,911.52,220.72
WH15,DZ010,1214.33,324.8
WH15,DZ011,280.14,84.1
WH15,DZ012,1136.23,271.67
WH15,DZ013,1179.87,252.56
WH15,DZ014,1641.04,359.38
WH15,DZ015,618.91,147.93
WH15,DZ016,1378.24,349.0
WH15,DZ017,1344.03,350.3
WH15,DZ018,1469.84,383.5
WH15,DZ019,1359.66,363.37
WH15,DZ020,1486.72,395.2
WH15,DZ021,890.66,243.32
WH15,DZ022,209.84,57.71
WH15,DZ023,108.69,38.44
WH15,DZ024,1117.32,253.84
WH15,DZ025,253.62,75.96
WH15,DZ026,945.56,204.82
WH15,DZ027,534.74,150.34
WH15,DZ028,1942.0,465.95
WH15,DZ029,763.48,190.88
WH15,DZ030,2128.71,449.67
WH15,DZ031,1426.9,314.78
WH15,DZ032,1193.46,259.04
WH15,DZ033,1522.47,391.77
WH15,DZ034,1614.64,387.31
WH15,DZ035,299.79,90.54
WH15,DZ036,1428.15,318.88
WH15,DZ037,680.09,164.31
WH15,DZ038,595.74,147.47
WH15,DZ039,1284.27,326.15
WH15,DZ040,275.18,85.49
WH15,DZ041,1859.34,399.66
WH15,DZ042,1061.36,285.25
WH15,DZ043,1363.83,290.24
WH15,DZ044,310.44,96.82
WH15,DZ045,1940.35,403.55
WH15,DZ046,573.71,137.21
WH15,DZ047,1131.05,295.8
WH15,DZ048,1341.72,290.78
WH15,DZ049,309.46,85.36
WH15,DZ050,1285.72,301.3
