scenario_id,demand_multiplier,transport_cost_inflation,shortage_penalty_multiplier,capacity_reduction,disrupted_warehouse_count,total_cost,transport_cost,fixed_cost,shortage_cost,service_level,unmet_demand,active_warehouses,average_utilization,solver_status,shortage_event
SCN0001,0.907361,0.009003,1.664582,0.209487,1,4354756.246430345,2663067.2464303444,1691689.0,0.0,1.0,0.0,12,0.9962736148727521,ok/optimal,0
SCN0002,1.183948,0.026981,1.542774,0.229987,3,14102085.110976938,2502769.413061678,1760479.0,9838836.69791526,0.7445731060047707,9076.598578999998,12,1.0,ok/optimal,1
SCN0003,1.080361,0.097689,1.677223,0.484956,0,16039172.175704034,2234238.5641529025,2150423.0,11654510.611551132,0.6952928917114141,9880.418997999997,15,1.0,ok/optimal,1
SCN0004,1.0223,-0.083064,1.084005,0.33221,0,5744207.473869501,2523735.880836135,2150423.0,1070048.5930333661,0.9526950437899595,1451.4727400000002,15,1.0,ok/optimal,1
SCN0005,1.01295,-0.072634,0.777201,0.11102,1,4457934.451735848,2732876.451735848,1725057.9999999998,0.0,1.0,0.0,12,0.9814803004725107,ok/optimal,0
SCN0006,1.274311,0.231341,1.151781,0.341625,0,12874194.54773522,3061263.3669132516,2150423.0,7662508.180821968,0.7535121417677882,9427.463104000004,15,1.0,ok/optimal,1
SCN0007,1.343086,0.058239,1.611024,0.006395,3,11832821.189824257,3808695.1465382893,1694139.0,6329987.043285969,0.8591147096030072,5679.280929000001,12,1.0,ok/optimal,1
SCN0008,0.906412,0.260122,1.769494,0.37228,3,11625213.64896341,2352941.8567713555,1733029.0,7539242.792192055,0.7750441546628382,6119.934967999998,12,1.0,ok/optimal,1
SCN0009,1.191671,-0.062587,1.853353,0.156351,2,10491984.769336494,2707505.15801379,1870617.0,5913862.611322705,0.8703072541044947,4638.696240999998,13,1.0,ok/optimal,1
SCN0010,0.978982,0.270066,1.989007,0.339725,0,6302041.094668494,3501061.5247039967,2150423.0,650556.5699644971,0.9836543175055025,480.287898000004,15,1.0,ok/optimal,1
SCN0011,1.380177,0.007089,0.96986,0.477686,3,20150767.737556305,1624262.7727186251,1732388.0,16794116.964837678,0.4413702784136986,23141.030907999997,12,1.0,ok/optimal,1
SCN0012,1.35191,0.334776,1.757075,0.494543,2,31657093.695480887,2457566.3064150033,1851329.0,27348198.389065884,0.4788709930695738,21145.448746,13,1.0,ok/optimal,1
SCN0013,1.181522,0.353266,1.997753,0.277513,2,17357925.086807944,3212886.0090036755,1870617.0,12274422.077804267,0.7517187838248003,8804.598468999997,13,1.0,ok/optimal,1
SCN0014,1.251639,0.244657,0.919418,0.034911,1,6528700.375796243,4515813.375796243,2012887.0,0.0,1.0,0.0,14,0.9726648392608607,ok/optimal,0
SCN0015,1.109092,0.097143,0.507591,0.030885,2,5273990.720084862,3548932.7200848614,1725058.0,0.0,1.0,0.0,12,0.9854481156401559,ok/optimal,0
SCN0016,1.295537,-0.087176,0.713722,0.135628,3,8380808.024834988,2694028.622368673,1638797.0,4047982.402466315,0.7928324120899863,8055.555765999997,12,1.0,ok/optimal,1
SCN0017,1.069028,0.280557,1.666524,0.047123,0,5474006.367726693,3806319.367726693,1667687.0,0.0,1.0,0.0,12,0.9646866912840538,ok/optimal,0
SCN0018,1.003287,0.181409,1.70581,0.14393,0,5033646.78217403,3377594.78217403,1656052.0,0.0,1.0,0.0,12,0.994338211149944,ok/optimal,0
SCN0019,0.96674,-0.058854,0.889628,0.442801,1,7904809.955275655,1798729.5927025385,2008153.0,4097927.3625731166,0.776352612431347,6489.2931880000015,14,1.0,ok/optimal,1
SCN0020,0.9358,0.185369,1.910324,0.153719,2,5067300.6722505735,3494744.6722505735,1572556.0,0.0,1.0,0.0,11,0.9901769488075611,ok/optimal,0
SCN0021,1.11549,-0.096922,0.854691,0.164696,1,4950109.87144998,2897219.8448848114,2023170.0,29720.02656516833,0.9984882020020405,50.61547600000006,14,1.0,ok/optimal,1
SCN0022,1.058547,0.125688,1.592841,0.415512,3,16714378.057560587,2043580.261110698,1685757.0,12985040.796449888,0.6396740845969305,11447.997409999998,12,1.0,ok/optimal,1
SCN0023,1.197908,0.206628,0.776731,0.380469,1,10386358.39412666,2642169.1620182483,2026490.0,5717699.232108411,0.7187308739487923,10112.753170999997,14,1.0,ok/optimal,1
SCN0024,0.807704,0.301329,1.635861,0.161321,2,4358527.278573692,3000174.2785736923,1358353.0,0.0,1.0,0.0,10,0.9791933889385923,ok/optimal,0
SCN0025,1.068621,0.045303,0.576229,0.251185,2,6198592.08251339,2983363.331847867,1928039.0,1287189.750665523,0.9004385319852146,3193.2937740000007,13,1.0,ok/optimal,1
SCN0026,1.019108,0.016023,1.385249,0.280055,1,5501894.269266302,2855381.27246766,1968113.0,678399.9967986417,0.9766064766238546,715.5495719999954,14,1.0,ok/optimal,1
SCN0027,0.917239,0.065547,1.023458,0.361443,2,7101652.596510204,2191926.422359198,1885634.0,3024092.174151006,0.846383411802899,4229.066416,13,1.0,ok/optimal,1
SCN0028,1.15692,-0.070403,1.488652,0.066973,3,7947371.983908372,3018050.4873630432,1775810.0,3153511.4965453288,0.9113484008779861,3078.320120999997,12,1.0,ok/optimal,1
SCN0029,1.061188,0.36575,1.83019,0.376739,3,17236610.826686785,2886808.2355994377,1691394.0,12658408.591087347,0.6934037415545691,9765.243097,12,1.0,ok/optimal,1
SCN0030,0.979995,0.340318,0.983193,0.048539,3,5431867.083577369,3877202.08357737,1554665.0,0.0,1.0,0.0,11,0.9667504897384213,ok/optimal,0
SCN0031,0.92565,0.201068,1.926605,0.293555,2,7042086.630191524,2871344.625820071,1873999.0,2296743.0043714526,0.9375968625109935,1733.7126149999992,13,1.0,ok/optimal,1
SCN0032,1.324774,-0.062706,1.177805,0.472603,2,20426485.621037398,1675839.7487145022,1884220.0,16866425.872322895,0.5088703927180789,19528.180931,13,1.0,ok/optimal,1
SCN0033,1.278477,-0.058186,1.099834,0.085723,2,7857287.161279939,3098542.989537316,1873083.0,2885661.1717426237,0.9010482977182145,3796.995369000002,13,1.0,ok/optimal,1
SCN0034,1.164026,0.366041,0.806789,0.387282,1,10697838.973423822,2823027.4800263066,2051972.0,5822839.493397515,0.7125766563470308,10041.731306000001,14,1.0,ok/optimal,1
SCN0035,1.00706,-0.0375,0.583476,0.195696,3,5349655.780080152,2886192.9761247276,1713519.0,749943.803955424,0.9381537989690433,1869.3570160000008,12,1.0,ok/optimal,1
SCN0036,1.368092,-0.027166,0.591629,0.116506,3,8410303.451008473,2714786.386363187,1705292.0,3990225.0646452857,0.7758506020543909,9204.003142000001,12,1.0,ok/optimal,1
SCN0037,1.138026,0.292735,1.775218,0.256844,1,10641786.26883475,3735027.4295083806,2018865.0,4887893.83932637,0.8814078004688378,4050.719648000003,14,1.0,ok/optimal,1
SCN0038,1.059658,0.050766,0.510965,0.095277,3,5274057.986863805,3592129.9868638045,1681928.0,0.0,1.0,0.0,12,0.9866955735896467,ok/optimal,0
SCN0039,1.34027,0.105777,1.472451,0.222604,2,15972126.424527178,2983876.1582620083,1919682.0,11068568.26626517,0.7326025992275353,10756.558816000002,13,1.0,ok/optimal,1
SCN0040,0.991605,0.105012,1.414447,0.292971,2,7929364.144249325,2697064.205472249,1913084.0,3319215.938777076,0.8851750160394877,3417.4249009999967,13,1.0,ok/optimal,1
SCN0041,1.217597,0.250033,1.380853,0.385394,1,15584798.97209718,2779154.829359961,1968113.0,10837531.14273722,0.6978044220982511,11043.724206000003,14,1.0,ok/optimal,1
SCN0042,0.988292,0.136166,1.189806,0.406986,1,9222493.864628192,2527752.7287514573,2018865.0,4675876.135876735,0.8098950638955954,5639.005934000001,14,1.0,ok/optimal,1
SCN0043,0.956932,0.306103,0.5959,0.444192,3,7604281.1544277705,2128500.348461693,1657109.0,3818671.805966077,0.6980556713421768,8672.250871999997,12,1.0,ok/optimal,1
SCN0044,1.220505,0.14797,0.788631,0.243063,3,10316540.219676245,2830348.2554774364,1785769.0,5700422.964198808,0.7277970756482659,9971.402055999999,12,1.0,ok/optimal,1
SCN0045,0.936735,0.04523,1.541871,0.45724,1,10294398.15577663,2043731.5728552924,1977250.0,6273416.582921337,0.7922917657615438,5839.751129999999,14,1.0,ok/optimal,1
SCN0046,1.095866,-0.002712,1.836482,0.448073,0,15519138.226187777,2186041.1478213724,2150423.0,11182674.078366404,0.734541846840842,8731.269625999998,15,1.0,ok/optimal,1
SCN0047,1.148017,0.277507,1.223301,0.244353,0,7287564.503845875,3993554.454969454,2150423.0,1143587.0488764213,0.9599817982388482,1378.8904600000042,15,1.0,ok/optimal,1
SCN0048,0.913344,0.009754,1.085617,0.054762,1,3992876.0297496254,2634523.0297496254,1358353.0,0.0,1.0,0.0,10,0.982146878318886,ok/optimal,0
SCN0049,1.238744,0.204454,1.750126,0.182331,2,13156497.754655177,3505374.6014879704,1866260.0,7784863.153167206,0.8271551369913869,6426.313657000002,13,1.0,ok/optimal,1
SCN0050,1.12909,0.200702,0.560267,0.372904,3,9008869.45646916,2095060.3373991195,1678608.0,5235201.119070041,0.628992595408878,12572.887123999997,12,1.0,ok/optimal,1
SCN0051,1.172902,0.381624,1.397864,0.280208,0,9675989.352546908,3970829.0281589115,2150423.0,3554737.324387996,0.8950301062827054,3695.3056199999974,15,1.0,ok/optimal,1
SCN0052,1.023287,-0.05519,1.956845,0.093628,2,4428820.960397466,2934195.960397466,1494625.0,0.0,1.0,0.0,11,0.9974134323403415,ok/optimal,0
SCN0053,1.052116,0.00376,1.145059,0.430578,2,11811844.09491286,1950208.2852770113,1829225.0,8032410.80963585,0.6874203997778869,9870.704140000002,13,1.0,ok/optimal,1
SCN0054,1.096898,0.230777,0.952777,0.322957,0,7639148.428161536,3321589.295122715,2150423.0,2167136.1330388207,0.9002069529744107,3285.4162899999947,15,1.0,ok/optimal,1
SCN0055,1.081983,0.06545,1.058645,0.064236,3,5786732.546286137,4073901.546286137,1712831.0,0.0,1.0,0.0,12,0.987831902865758,ok/optimal,0
SCN0056,1.205384,-0.035709,1.361861,0.410054,2,17191298.404608883,2153702.5085246963,1894932.0,13142663.896084186,0.6269554957389551,13496.151567999997,13,1.0,ok/optimal,1
SCN0057,1.146307,0.347684,1.822627,0.257317,0,8613056.621511664,4113920.47588499,2150423.0,2348713.1456266744,0.9449196794401,1895.0526559999998,15,1.0,ok/optimal,1
SCN0058,1.049762,0.265738,1.593879,0.178771,3,9006473.77208172,3839332.423276976,1715186.0,3451955.3488047435,0.8990170506229238,3181.7260000000024,12,1.0,ok/optimal,1
SCN0059,0.801081,0.011276,1.013697,0.261833,0,3849293.802834318,2360777.802834318,1488516.0,0.0,1.0,0.0,11,0.9804211157772511,ok/optimal,0
SCN0060,1.276419,-0.052395,1.073886,0.270108,3,14211451.013038738,2170600.8078060052,1776430.0,10264420.205232734,0.6534277865657331,13277.333942000001,12,1.0,ok/optimal,1
SCN0061,1.111631,0.321206,1.452541,0.489027,0,16099704.704873897,2575179.0805175225,2150423.0,11374102.624356374,0.6703932894555085,10997.160732,15,1.0,ok/optimal,1
SCN0062,0.995927,0.184981,1.442091,0.342289,1,8417687.763852658,2879707.642471306,2023170.0,3514810.1213813517,0.8805857572278509,3569.5010470000025,14,1.0,ok/optimal,1
SCN0063,1.099973,0.364789,0.670834,0.136834,1,6311081.730351671,4466935.63315053,1836555.0000000005,7591.097201139688,0.9994966889429718,16.616607999999246,13,1.0000000000000002,ok/optimal,1
SCN0064,0.856068,0.158591,1.365364,0.208524,0,4364835.1573517965,2861388.157351797,1503447.0,0.0,1.0,0.0,11,0.9993805931321599,ok/optimal,0
SCN0065,1.342822,0.015439,1.620521,0.055942,1,6882047.385954527,3868437.4821007084,1983359.0,1030250.9038538187,0.976676514833338,940.0171400000011,14,1.0,ok/optimal,1
SCN0066,1.393842,-0.033219,0.690816,0.177471,1,9118355.169688234,2970725.77621157,1979034.0,4168595.393476665,0.7958333060844709,8541.267454999997,14,1.0,ok/optimal,1
SCN0067,0.835241,0.108956,1.663815,0.403686,0,4777540.565533656,2627117.5655336576,2150422.9999999986,0.0,1.0,0.0,15,0.9548333878236124,ok/optimal,0
SCN0068,1.014939,0.242009,0.722871,0.202134,0,5415616.036927843,3563681.6487531355,1829225.0,22709.388174706673,0.998485624061768,46.13149400000225,13,1.0,ok/optimal,1
SCN0069,1.238039,-0.09785,0.629716,0.404809,0,9133829.894140804,1953227.589946745,2150423.0,5030179.304194059,0.7011555646449112,11104.611711999996,15,1.0,ok/optimal,1
SCN0070,0.988543,0.097676,1.335812,0.157454,0,4749719.206254829,3093667.2062548283,1656052.0,0.0,1.0,0.0,12,0.9953825519972875,ok/optimal,0
SCN0071,1.14023,0.101914,1.671479,0.311504,1,11408340.582573244,2979741.083753187,2026490.0,6402109.498820058,0.8391424315197902,5505.006564000002,14,1.0,ok/optimal,1
SCN0072,1.049943,0.235506,1.424561,0.036762,1,5447285.175464428,3743863.175464428,1703422.0,0.0,1.0,0.0,12,0.9548003625205771,ok/optimal,0
SCN0073,1.264527,-0.002519,1.410085,0.066805,3,10319827.87859039,3251032.2247382733,1746684.0,5322111.653852116,0.8564928971461927,5446.5987479999985,12,1.0,ok/optimal,1
SCN0074,1.375079,0.338036,0.638422,0.204402,3,11200043.96583347,3190710.643786921,1761361.0,6247972.32204655,0.6733112535761319,13482.974161999997,12,1.0,ok/optimal,1
SCN0075,1.333037,0.062544,1.368594,0.458384,2,23822660.232750494,2009574.6190019809,1874867.0,19938218.613748513,0.5042973148353356,19832.95167,13,1.0,ok/optimal,1
SCN0076,1.172561,0.313404,1.272323,0.355994,2,13742952.406295996,3103344.5048605665,1858954.0,8780653.901435431,0.7254143581387889,9663.560001999997,13,1.0,ok/optimal,1
SCN0077,0.896165,0.313811,0.52146,0.110179,2,4918691.044138978,3315131.0441389787,1603559.9999999995,0.0,1.0,0.0,11,0.9861852187503075,ok/optimal,0
SCN0078,1.368237,0.34244,1.648931,0.148764,0,11051065.77775441,4619391.372538305,2150423.0,4281251.405216103,0.9073628774240513,3804.2606539999974,15,1.0,ok/optimal,1
SCN0079,0.814179,0.029415,0.829441,0.022427,2,3638693.5881750863,2459511.5881750863,1179182.0,0.0,1.0,0.0,9,0.909525877585917,ok/optimal,0
SCN0080,0.978626,0.319933,1.195351,0.320701,3,10001004.343290426,2986267.1211348893,1741695.0,5273042.222155537,0.7854873213255293,6300.769528000001,12,1.0,ok/optimal,1
SCN0081,0.968968,0.015254,1.185527,0.473616,2,11139183.650947671,1865548.801552248,1884436.0,7389198.849395424,0.6979574017777126,8784.185744000002,13,1.0,ok/optimal,1
SCN0082,1.203096,0.099722,1.520434,0.321128,1,14031198.279153842,2834878.662246771,1979034.0,9217285.61690707,0.7609779139602814,8631.021400000003,14,1.0,ok/optimal,1
SCN0083,1.092418,-0.011158,1.793208,0.377727,3,18093780.339616425,1798709.2927618243,1741263.0,14553808.046854598,0.6522436427954363,11402.177660999994,12,1.0,ok/optimal,1
SCN0084,0.855733,0.142065,1.670038,0.189885,0,4276688.1349742655,2762906.1349742655,1513781.9999999998,0.0,1.0,0.0,11,0.9917909081648378,ok/optimal,0
SCN0085,0.807715,-0.062403,0.818118,0.390031,2,4267306.003265933,2370074.470176905,1859426.0,37805.533089028104,0.9972009524257921,67.85663299999908,13,1.0,ok/optimal,1
SCN0086,1.162589,0.378421,0.843128,0.244832,2,9282364.679202052,3935198.7954482255,1811498.0,3535667.8837538254,0.8312184680838406,5889.453702000001,13,1.0,ok/optimal,1
SCN0087,1.09489,-0.093502,1.142759,0.35513,1,8953626.034619343,2223940.3183395443,1983359.0,4746326.716279798,0.8182239739926268,5973.5289399999965,14,1.0,ok/optimal,1
SCN0088,1.160829,0.148298,1.048126,0.12934,0,5701763.69867856,3724513.698678559,1977250.0000000007,0.0,1.0,0.0,14,0.9774912736672252,ok/optimal,0
SCN0089,1.138414,0.319048,1.578268,0.352361,0,11838451.105554048,3269275.921101363,2150423.0,6418752.184452685,0.8297077007698285,5818.608209999998,15,1.0,ok/optimal,1
SCN0090,1.334275,-0.033743,1.32175,0.116864,0,6930646.356032025,3539758.0209134202,2150423.0,1240465.3351186053,0.965327314947715,1388.5345860000016,15,1.0,ok/optimal,1
SCN0091,1.351038,0.198551,1.175648,0.167897,1,10618811.674320752,3865074.7533277315,1982887.0,4770849.920993021,0.8558029333256336,5847.198916999997,14,1.0,ok/optimal,1
SCN0092,0.912954,0.165541,1.406605,0.142223,3,4532914.336473699,3019132.3364736983,1513782.0,0.0,1.0,0.0,11,0.9976180958724149,ok/optimal,0
SCN0093,1.365273,0.278768,1.071466,0.218962,2,14343268.133926092,3218104.447759151,1908720.0,9216443.68616694,0.7055917062673358,12064.0581,13,1.0,ok/optimal,1
SCN0094,1.272636,0.249297,1.78717,0.107734,1,9007666.155737037,4201099.545238309,2012887.0,2793679.6104987273,0.9400622445390255,2289.436266000004,14,1.0,ok/optimal,1
SCN0095,1.183416,0.312507,1.621414,0.302066,2,15610260.162374051,3043702.062437258,1858930.0,10707628.099936793,0.7369374558040237,9343.731087999999,13,1.0,ok/optimal,1
SCN0096,1.195764,0.296642,1.694021,0.322811,2,17829088.01602688,2913444.99839473,1873999.0,13041644.017632151,0.6957432729304953,10919.670699,13,1.0,ok/optimal,1
SCN0097,1.127636,0.19143,1.987031,0.11387,2,5894993.880692546,4053904.8806925467,1841089.0,0.0,1.0,0.0,13,0.9947421275682533,ok/optimal,0
SCN0098,1.350358,0.074982,1.530662,0.385859,1,21467971.464054078,2403431.680177647,2051972.0,17012567.78387643,0.6156768203524081,15576.482041,14,1.0,ok/optimal,1
SCN0099,0.939958,-0.046286,1.478098,0.332052,2,6970161.371837677,2457645.5890461835,1884220.0,2628295.7827914944,0.908333914202884,2586.074391999999,13,1.0,ok/optimal,1
SCN0100,1.15959,-0.018091,1.649393,0.479118,3,22274973.599014796,1824844.9345524346,1647972.0,18802156.66446236,0.546609850021019,15779.760973999995,12,1.0,ok/optimal,1
SCN0101,1.288546,0.335604,1.449088,0.432804,1,20458507.965306733,2813912.8402284896,1983359.0,15661236.125078242,0.6115102601072661,15024.615227999999,14,1.0,ok/optimal,1
SCN0102,0.880857,0.03325,1.932567,0.473329,0,8809245.988987328,2176984.424859132,2150423.0,4481838.564128197,0.8720198097780478,3383.545644,15,1.0,ok/optimal,1
SCN0103,1.169305,0.347015,1.109927,0.460953,3,17645922.396564156,2137630.848921146,1753344.0,13754947.547643011,0.5186570524090426,16892.981173999997,12,1.0,ok/optimal,1
SCN0104,1.0417,0.053043,1.053915,0.453058,3,12896066.861767571,1795686.4614863086,1713364.0,9387016.400281262,0.605377304741068,12338.108948000003,12,1.0,ok/optimal,1
SCN0105,1.259622,-0.071371,0.628611,0.491864,3,12269238.367457123,1559686.211765166,1684265.0,9025287.155691959,0.4887508190558011,19328.437204,12,1.0,ok/optimal,1
SCN0106,0.840629,0.044999,1.914311,0.477698,2,11109033.277915265,1970876.7724732044,1873083.0,7265073.5054420605,0.7828535331932571,5478.744071999998,13,1.0,ok/optimal,1
SCN0107,1.164089,0.092325,0.622866,0.178275,2,6943616.243161566,3141121.5481905728,1876595.0,1925899.6949709933,0.8740787731353541,4399.557620999996,13,1.0,ok/optimal,1
SCN0108,1.314247,-0.04816,1.865294,0.066238,3,11493481.824810052,3218912.894075428,1668287.0,6606281.930734623,0.8687868149464405,5175.810296,12,1.0,ok/optimal,1
SCN0109,1.177009,0.114881,1.031921,0.465113,2,14748497.34453848,2036079.573471312,1835823.0,10876594.771067167,0.587021735372734,14589.179135999999,13,1.0,ok/optimal,1
SCN0110,0.992803,0.298971,1.987082,0.156369,0,5338381.1025816705,3682329.102581671,1656052.0,0.0,1.0,0.0,12,0.9982001533463287,ok/optimal,0
SCN0111,1.193478,0.10691,0.697028,0.432739,1,10428154.898385406,2085470.240314399,1977250.0,6365434.658071006,0.6499239846710404,12540.089990999999,14,1.0,ok/optimal,1
SCN0112,1.002892,0.146867,0.862775,0.497778,1,9727072.694775937,2032656.7022953879,1968113.0,5726302.992480549,0.6922804339475079,9262.605263999998,14,1.0,ok/optimal,1
SCN0113,1.201156,0.399386,1.68583,0.310597,0,12766050.041848425,3695750.647033798,2150423.0,6919876.394814627,0.8370783494803541,5873.569261999997,15,1.0,ok/optimal,1
SCN0114,0.877007,0.00766,1.083756,0.143246,0,3982906.9118147325,2469124.911814733,1513782.0,0.0,1.0,0.0,11,0.9680378770676477,ok/optimal,0
SCN0115,0.967995,0.171957,1.161435,0.332012,0,5427054.915784931,3276631.915784931,2150423.0,0.0,1.0,0.0,15,0.9923467924392184,ok/optimal,0
SCN0116,0.819631,0.393878,0.8015,0.422472,3,7259020.580211789,2425291.899758034,1714245.0,3119483.680453755,0.7792508714127123,5430.517929999999,12,1.0,ok/optimal,1
SCN0117,0.850346,0.147862,0.734429,0.085127,3,4156893.2739265356,2933892.2739265356,1223001.0,0.0,1.0,0.0,9,0.9940219537982485,ok/optimal,0
SCN0118,1.132862,0.19571,1.787984,0.438532,1,18767082.170815453,2459652.270289775,2046256.0,14261173.90052568,0.6695992836382174,11234.192667999998,14,1.0,ok/optimal,1
SCN0119,0.939019,0.173353,1.387695,0.359373,1,6842031.414240833,2948401.61663481,1997818.0,1895811.7976060235,0.929082160452658,1998.7282679999994,14,1.0,ok/optimal,1
SCN0120,1.10965,-0.042365,1.679329,0.461597,0,15656981.752689343,2054117.080253829,2150423.0,11452441.672435513,0.7076423385003429,9736.982178,15,1.0,ok/optimal,1
SCN0121,1.195742,0.258068,1.049875,0.17292,1,7536358.689629632,4113185.000677896,2018133.0,1405040.6889517363,0.946063913536939,1935.7122280000003,14,1.0,ok/optimal,1
SCN0122,1.328712,0.356037,1.230032,0.455182,2,21274457.98083055,2558019.216253848,1830282.0,16886156.764576703,0.5301324636910194,18738.299478,13,1.0,ok/optimal,1
SCN0123,1.013037,0.363288,1.873728,0.092086,2,5590029.205596297,3918731.205596297,1671298.0,0.0,1.0,0.0,12,0.9411635616803853,ok/optimal,0
SCN0124,0.991207,0.193334,1.857865,0.363081,3,13045874.667347414,2641113.2679171,1678287.0,8726474.399430314,0.7727785233980462,6759.858673999999,12,1.0,ok/optimal,1
SCN0125,0.9882,0.076256,1.393366,0.465464,3,14634780.62566147,1817915.2760502305,1713836.0,11103029.34961124,0.6235146661032651,11166.492807999999,12,1.0,ok/optimal,1
SCN0126,0.87071,0.237755,1.522121,0.276125,2,4970970.882492341,3051967.882492341,1919003.0,0.0,1.0,0.0,13,0.9828205274418143,ok/optimal,0
SCN0127,1.19791,0.372309,0.612229,0.0753,0,6521813.079822682,4544563.079822682,1977250.0,0.0,1.0,0.0,14,0.9548977449438939,ok/optimal,0
SCN0128,1.291793,0.389068,1.016063,0.480734,0,16618117.377823686,2593852.3417287553,2150423.0,11873842.036094932,0.5862587203791824,16041.525217999999,15,1.0,ok/optimal,1
SCN0129,1.083803,0.041478,1.350968,0.293619,0,6657646.309497411,3031303.809783575,2150423.0,1475919.4997138365,0.9505632409797815,1608.1413480000053,15,1.0,ok/optimal,1
SCN0130,1.134978,0.367843,1.162948,0.137677,1,6422963.6630570255,4411428.6630570255,2011535.0,0.0,1.0,0.0,14,0.9749105535589196,ok/optimal,0
SCN0131,1.375088,0.265145,0.96117,0.45982,0,16968165.27483516,2460056.2930369973,2150423.0,12357685.98179816,0.5729284172387595,17626.051912000003,15,1.0,ok/optimal,1
SCN0132,1.219349,0.335919,1.554225,0.413257,2,20285424.04870326,2632006.686518505,1825843.0,15827574.362184754,0.6115683714301678,14215.642408,13,1.0,ok/optimal,1
SCN0133,1.247021,-0.016259,0.853516,0.469175,2,14334693.51923713,1624326.0018512574,1834980.0,10875387.517385874,0.5346104833841503,17418.639918999997,13,1.0,ok/optimal,1
SCN0134,1.333699,0.388123,1.865148,0.323549,1,21747504.897904932,3487592.302500833,1997818.0,16262094.5954041,0.6907196002855582,12380.383611999998,14,1.0,ok/optimal,1
SCN0135,0.929474,0.276759,0.810633,0.109399,2,5068263.175853791,3504461.1758537907,1563802.0,0.0,1.0,0.0,11,0.9908816959659105,ok/optimal,0
SCN0136,1.1901,-0.016741,1.57686,0.299145,0,10352780.370810851,2693441.103621545,2150423.0,5508916.267189307,0.8588890702642551,5040.434629999998,15,1.0,ok/optimal,1
SCN0137,1.230437,0.17006,1.241492,0.254042,1,10767575.513874134,3178369.6870625513,1997818.0,5591387.826811582,0.8256162953561342,6440.048825999999,14,1.0,ok/optimal,1
SCN0138,1.305337,-0.044233,1.599512,0.253832,1,14718670.759454582,2733744.9739202214,2018865.0,9966060.78553436,0.7715481908092074,8950.37287,14,1.0,ok/optimal,1
SCN0139,1.006271,0.262294,1.108346,0.007176,1,5053800.250019726,3528383.250019727,1525416.9999999998,0.0,1.0,0.0,11,0.9665294349753598,ok/optimal,0
SCN0140,1.213277,0.19759,1.030602,0.128642,1,6787668.45034316,4232088.76798562,1997818.0,557761.6823575402,0.9780474394969023,799.4089859999999,14,1.0,ok/optimal,1
SCN0141,1.16264,0.189144,1.466564,0.13467,3,10485734.19518792,3589648.077125625,1707856.0,5188230.118062294,0.8526713099266949,5141.104909999999,12,1.0,ok/optimal,1
SCN0142,1.045617,0.323615,1.944796,0.044023,0,5490155.884117405,3822468.8841174045,1667687.0,0.0,1.0,0.0,12,0.9435707218984023,ok/optimal,0
SCN0143,0.861011,0.284865,1.532767,0.189357,1,4825982.508577161,3302220.5085771605,1523762.0,0.0,1.0,0.0,11,0.9772039352597865,ok/optimal,0
SCN0144,1.011829,-0.054142,0.524156,0.224386,2,4855455.640685344,2744927.607244275,1863946.0,246582.03344106866,0.9773506454757455,687.839054000002,13,1.0,ok/optimal,1
SCN0145,1.378091,0.28107,0.546371,0.342998,0,10116705.611546446,2903017.4053837503,2150423.0,5063265.206162696,0.6953142828019772,12602.417725999998,15,1.0,ok/optimal,1
SCN0146,0.929914,0.170733,0.819961,0.259824,3,6179186.986058453,2936855.63414559,1776430.0,1465901.3519128624,0.9095455810475535,2524.6225240000026,12,1.0,ok/optimal,1
SCN0147,0.868183,-0.00561,1.029887,0.226886,1,4110272.817963118,2414180.817963118,1696092.0,0.0,1.0,0.0,12,0.9797098593405127,ok/optimal,0
SCN0148,1.020608,0.07359,0.739211,0.073103,0,4695779.799525069,3207263.799525069,1488516.0,0.0,1.0,0.0,11,0.9925845828678432,ok/optimal,0
SCN0149,0.860588,0.154597,1.930244,0.118022,3,4597180.5275697615,3258524.5275697615,1338656.0,0.0,1.0,0.0,10,0.98356354003945,ok/optimal,0
SCN0150,0.960319,0.329423,0.898668,0.160145,3,5635615.621860183,3978211.621860183,1657404.0,0.0,1.0,0.0,12,0.9771461494071308,ok/optimal,0
SCN0151,1.348674,0.340951,1.187982,0.074248,1,8940043.332280561,4886957.2576319305,2018133.0,2034953.0746486313,0.9388541186885452,2475.130331999998,14,1.0,ok/optimal,1
SCN0152,0.991269,-0.048949,0.711036,0.128597,1,4356992.799098509,2686166.7990985094,1670826.0,0.0,1.0,0.0,12,0.9582007586086504,ok/optimal,0
SCN0153,1.151534,0.121077,0.957635,0.202098,0,5870254.558005736,3719831.558005736,2150423.0,0.0,1.0,0.0,15,0.9874959961443316,ok/optimal,0
SCN0154,0.943247,0.321765,1.31872,0.115312,1,5054169.603744981,3540387.6037449813,1513782.0,0.0,1.0,0.0,11,0.9989748223857859,ok/optimal,0
SCN0155,1.200788,0.201182,1.127837,0.127585,0,6113502.21531471,4145389.2153147077,1968113.0000000014,0.0,1.0,0.0,14,0.9953065150168955,ok/optimal,0
SCN0156,0.876594,0.327581,0.633295,0.39184,2,6005173.963535483,2802902.739355833,1869662.0,1332609.22417965,0.8864403651604429,2987.764475999998,13,1.0,ok/optimal,1
SCN0157,1.273886,0.19863,1.621738,0.181355,1,10441379.671036676,3920619.246071158,1982887.0,4537873.424965518,0.892954430117496,4092.8246789999994,14,1.0,ok/optimal,1
SCN0158,1.053768,0.011518,1.954389,0.191202,0,4930264.605999089,2953014.6059990884,1977250.0,0.0,1.0,0.0,14,0.9593176064035669,ok/optimal,0
SCN0159,0.910196,0.151426,0.85331,0.391056,1,5939601.705038221,2818172.4027149742,1982887.0,1138542.3023232466,0.9296226152388203,1922.613224000003,14,1.0,ok/optimal,1
SCN0160,1.25495,0.157577,0.832365,0.384119,1,11924559.033364706,2533450.105443495,2018133.0,7372975.927921211,0.6712446316239322,12382.922488,14,1.0,ok/optimal,1
SCN0161,1.13257,0.347039,1.632824,0.358193,3,18890921.338341217,2830148.1327954233,1735979.0,14324794.205545792,0.6397309664330051,12246.609399,12,1.0,ok/optimal,1
SCN0162,1.062887,0.077876,1.181308,0.290639,3,10764933.13901571,2505700.0736365025,1759322.0,6499911.065379208,0.7568239188717393,7757.679421999997,12,1.0,ok/optimal,1
SCN0163,0.944376,0.017495,0.560556,0.03164,3,4312355.009647565,2730765.0096475654,1581590.0,0.0,1.0,0.0,11,0.9393295695377369,ok/optimal,0
SCN0164,1.26882,0.274429,0.57221,0.43001,1,10563893.667785948,2275457.733047394,1997818.0,6290617.934738554,0.6117732496365533,14784.59222,14,1.0,ok/optimal,1
SCN0165,1.019171,0.10979,1.972066,0.313468,2,10460635.863199182,2929705.8338272385,1811970.0,5718960.029371943,0.8618064967623174,4227.256126000004,13,1.0,ok/optimal,1
SCN0166,0.825854,0.142175,1.585016,0.470168,3,10342107.431732759,2080307.8436898154,1623551.0,6638248.588042943,0.7580088134807899,5998.279571999996,12,1.0,ok/optimal,1
SCN0167,1.379222,0.388293,1.272972,0.090547,1,11023157.906736214,4593319.328214732,2023170.0,4406668.578521482,0.8792454747959031,4998.7505949999995,14,1.0,ok/optimal,1
SCN0168,0.818279,0.237323,0.737249,0.058479,1,4207740.575623342,2958173.575623342,1249567.0,0.0,1.0,0.0,9,0.973712184406649,ok/optimal,0
SCN0169,0.872281,0.235924,1.865515,0.451064,0,7642720.667348751,2751636.8466551797,2150423.0,2740660.820693571,0.9178202935044961,2151.5174700000002,15,1.0,ok/optimal,1
SCN0170,1.079488,0.366944,1.062757,0.157661,0,6039850.570698568,4062600.570698568,1977250.0,0.0,1.0,0.0,14,0.9466090209193135,ok/optimal,0
SCN0171,0.924713,0.258147,0.992196,0.479889,0,8109482.0110375015,2487169.0162399583,2150423.0,3471889.9947975436,0.8203164697856831,4986.9970680000015,15,1.0,ok/optimal,1
SCN0172,1.001081,0.377386,1.685088,0.378137,2,12906585.78630145,2967392.2282796213,1920414.0,8018779.55802183,0.7733952046694723,6808.668550000002,13,1.0,ok/optimal,1
SCN0173,1.140539,0.216652,1.727257,0.112481,1,6066666.246637519,4213349.2466375185,1853317.000000001,0.0,1.0,0.0,13,0.9907006813586157,ok/optimal,0
SCN0174,1.374705,0.193707,0.528884,0.313293,3,11034845.70713657,2226992.4112620675,1727978.0,7079875.295874501,0.5730936007619066,17614.327032,12,1.0,ok/optimal,1
SCN0175,1.361787,0.042113,1.325308,0.170673,2,13407108.838053968,3176969.5419661873,1851329.0,8378810.29608778,0.7800073892878278,8991.686484000002,13,1.0,ok/optimal,1
SCN0176,0.844338,0.015398,1.026539,0.410192,3,6672250.632709492,2125522.446635154,1669491.0,2877237.1860743375,0.8413772412280605,4019.811724000002,12,1.0,ok/optimal,1
SCN0177,1.311988,0.165751,1.955423,0.321638,1,21162994.173645906,2932313.5828773403,2051972.0,16178708.590768566,0.6999472024992004,11815.481409999997,14,1.0,ok/optimal,1
SCN0178,0.900694,-0.070472,0.971822,0.364688,0,4540168.43032886,2389745.4303288595,2150423.0,0.0,1.0,0.0,15,0.9679149770208154,ok/optimal,0
SCN0179,1.28686,-0.015856,0.95099,0.14314,2,9215743.393992854,2846992.564416035,1903986.0,4464764.82957682,0.8253617251849359,6745.196599999999,13,1.0,ok/optimal,1
SCN0180,0.977808,0.254185,1.48758,0.010995,0,4908492.293603876,3394710.293603876,1513782.0,0.0,1.0,0.0,11,0.9398535468609396,ok/optimal,0
SCN0181,1.230701,0.239506,1.85561,0.206574,0,8970446.397718705,4040739.5269993087,2150423.0,2779283.870719397,0.9402562518886287,2206.8300900000036,15,1.0,ok/optimal,1
SCN0182,1.231276,-0.085828,1.463073,0.358462,1,15502207.10043408,2170246.4221465294,2046256.0,11285704.678287549,0.7039372576440537,10941.151964000002,14,1.0,ok/optimal,1
SCN0183,1.310331,-0.018417,1.339737,0.456202,1,20491928.568017118,1955594.5178050569,1997818.0,16538516.050212061,0.5651709783572398,17101.075181999997,14,1.0,ok/optimal,1
SCN0184,1.387776,0.208912,0.681178,0.154002,1,9286532.015431458,3659972.120960569,2046256.0,3580303.894470889,0.8236011494956968,7347.489963999996,14,1.0,ok/optimal,1
SCN0185,0.965289,0.103827,0.885624,0.229468,3,5970321.8439142965,3183395.1112553687,1756664.0,1030262.7326589277,0.9430260284354401,1650.660389999999,12,1.0,ok/optimal,1
SCN0186,1.176985,0.194483,1.698247,0.440803,0,17752385.94175575,2640012.256954463,2150423.0,12961950.684801286,0.6929250473196209,10847.738312000003,15,1.0,ok/optimal,1
SCN0187,1.243556,-0.035649,0.704157,0.125534,3,8098139.776984126,2806122.6133583128,1716746.0,3575271.1636258136,0.8102215857642573,7083.306572000004,12,1.0,ok/optimal,1
SCN0188,0.847778,0.331243,1.910349,0.34057,0,5088267.10557997,3111017.105579971,1977250.0,0.0,1.0,0.0,14,0.9490418335076212,ok/optimal,0
SCN0189,1.197777,0.029468,1.921017,0.441681,3,27097963.03838069,1938062.3943895549,1723990.0,23435910.643991135,0.53214905591507,16819.278343,12,1.0,ok/optimal,1
SCN0190,0.992909,0.087202,1.45858,0.315186,2,8872733.52094602,2505914.8102883687,1914436.0,4452382.7106576525,0.8525369568059968,4394.571326,13,1.0,ok/optimal,1
SCN0191,0.896881,0.124685,0.953329,0.057828,3,4463853.315398239,3254699.3153982386,1209154.0,0.0,1.0,0.0,9,0.9920529498066384,ok/optimal,0
SCN0192,1.129683,0.196415,1.886157,0.326142,1,13564200.51847474,2901352.1266193134,2051972.0,8610876.391855428,0.807505387100776,6526.781163999997,14,1.0,ok/optimal,1
SCN0193,1.07713,0.390259,1.696396,0.020798,2,6117977.580281592,4588578.580281592,1529399.0,0.0,1.0,0.0,11,0.990971369054013,ok/optimal,0
SCN0194,1.146248,0.004715,1.605484,0.140877,3,9383671.035685351,2923861.775587986,1713402.0,4746407.260097366,0.8754175259851691,4286.071583999999,12,1.0,ok/optimal,1
SCN0195,1.185151,-0.018807,0.712476,0.442176,1,10537750.299728306,1786998.4418017413,2008153.0,6742598.857926565,0.6339892399156042,13019.413442000005,14,1.0,ok/optimal,1
SCN0196,1.099201,-0.027332,1.415697,0.357139,2,13084268.250407873,2231111.0018595136,1909702.0,8943455.24854836,0.7265244492858445,9022.346429000001,13,1.0,ok/optimal,1
SCN0197,1.34309,0.287367,1.726026,0.107555,3,16100645.371029709,3694029.3005501293,1682461.0,10724155.07047958,0.7797035067701914,8880.482804999996,12,1.0,ok/optimal,1
SCN0198,0.906749,0.091228,0.847719,0.345841,0,4845497.3237954695,2835357.5568303717,1968112.9999999998,42026.766965098,0.9973250480246976,72.79925800000717,14,0.9999999999999998,ok/optimal,1
SCN0199,0.973275,0.363483,0.887772,0.286799,2,7070050.558491091,3514362.824181138,1879977.0,1675710.734309953,0.9067886799539441,2722.877509000001,13,1.0,ok/optimal,1
SCN0200,1.013733,-0.06672,1.17128,0.404511,2,10551010.952418964,1860299.1097169663,1913084.0,6777627.842701999,0.7292573033952989,8237.666633,13,1.0,ok/optimal,1
SCN0201,1.264629,0.165778,1.70526,0.336055,0,15741845.383134367,3004719.79812485,2150423.0,10586702.585009517,0.7657047185776565,8893.046376,15,1.0,ok/optimal,1
SCN0202,1.191259,0.278618,0.64473,0.41274,0,9523298.978935115,2617702.1603157027,2150423.0,4755173.818619412,0.7189796220290795,10047.728386000003,15,1.0,ok/optimal,1
SCN0203,0.923854,0.153543,1.553372,0.364817,3,10295389.495500997,2465976.4500029357,1746684.0,6082729.04549806,0.7979487375039371,5602.589333999997,12,1.0,ok/optimal,1
SCN0204,1.246665,0.103299,1.364929,0.041335,1,5888828.669015234,4026772.722059558,1809713.999999999,52341.9469556774,0.9984950604526596,56.31093000000408,13,0.9999999999999974,ok/optimal,1
SCN0205,1.262922,0.305758,1.563967,0.236961,1,12738207.771134628,3610291.4049530965,1977250.0,7150666.366181531,0.8261601887450831,6589.457309000003,14,1.0,ok/optimal,1
SCN0206,1.262145,0.154552,0.731289,0.030602,1,6222821.37608171,4176565.3760817093,2046256.0,0.0,1.0,0.0,14,0.9683892171471989,ok/optimal,0
SCN0207,0.847024,0.353268,1.947826,0.142908,1,4812130.490602708,3208570.4906027233,1603559.9999999842,0.0,1.0,0.0,11,0.9703017192933387,ok/optimal,0
SCN0208,0.927283,0.019301,0.733198,0.140458,0,4227152.724160325,2723705.7241603243,1503447.0,0.0,1.0,0.0,11,0.9973456537559464,ok/optimal,0
SCN0209,1.337231,0.199228,1.736534,0.234081,1,16453725.073156817,3389813.763759792,2046256.0,11017655.309397025,0.7738261245326428,9077.635784000002,14,1.0,ok/optimal,1
SCN0210,1.327659,0.21724,0.51376,0.164629,3,8782511.788955929,3127605.021391721,1736922.0,3917984.7675642082,0.7363726835608246,10505.11548,12,1.0,ok/optimal,1
SCN0211,0.923344,0.353565,1.579251,0.11614,3,5536471.957450715,3956950.957450715,1579520.9999999998,0.0,1.0,0.0,11,0.9848069168070449,ok/optimal,0
SCN0212,1.130825,-0.053372,0.956985,0.429995,1,11169325.39871451,1902341.8574739462,1997818.0,7269165.541240565,0.6864462335649048,10642.197180000001,14,1.0,ok/optimal,1
SCN0213,0.95761,0.30286,1.067643,0.027135,0,4947332.208143845,3588979.2081438447,1358353.0,0.0,1.0,0.0,10,0.9988282004905569,ok/optimal,0
SCN0214,1.049771,0.241745,1.819513,0.231459,2,8008237.799319916,3784354.5257564215,1928039.0,2295844.2735634944,0.9407532129015169,1866.7375059999995,13,1.0,ok/optimal,1
SCN0215,0.812567,0.330305,1.090239,0.322041,2,5095248.7656039605,3224631.765603961,1870617.0,0.0,1.0,0.0,13,0.9787860880895777,ok/optimal,0
SCN0216,0.969056,0.204429,1.300908,0.095229,1,4856324.567845214,3352877.567845214,1503447.0,0.0,1.0,0.0,11,0.9917042984139601,ok/optimal,0
SCN0217,0.962409,0.126886,1.424452,0.228736,2,5186587.540132516,3356305.540132516,1830282.0,0.0,1.0,0.0,13,0.9587902228403299,ok/optimal,0
SCN0218,1.351478,0.298163,0.517389,0.170986,2,9245304.257309506,3674974.508604067,1847476.0,3722853.7487054383,0.7605632897772567,9712.333695999998,13,1.0,ok/optimal,1
SCN0219,1.152782,0.042092,1.537165,0.431188,1,16886481.429839004,2061140.911409967,2012887.0,12812453.518429037,0.661588631429012,11708.897631999998,14,1.0,ok/optimal,1
SCN0220,0.90651,-0.072291,1.923192,0.025267,3,4065895.719070291,2838500.719070291,1227395.0,0.0,1.0,0.0,9,0.9967228756802231,ok/optimal,0
SCN0221,1.056539,0.274983,1.10255,0.030383,3,5464218.978492331,3811548.978492332,1652669.9999999984,0.0,1.0,0.0,12,0.9362852835584253,ok/optimal,0
SCN0222,1.095762,0.306187,1.763568,0.235231,0,6258579.125120554,4108156.1251205546,2150423.0,0.0,1.0,0.0,15,0.9794893980704814,ok/optimal,0
SCN0223,1.182416,0.31434,0.843873,0.353944,0,9635679.315164413,3206685.683328979,2150423.0,4278570.631835435,0.796878705806719,7208.578479999998,15,1.0,ok/optimal,1
SCN0224,1.119469,0.123844,1.319042,0.43664,1,14178682.87143258,2318854.2896205825,1997818.0,9862010.581811998,0.6853259841133749,10572.965925999999,14,1.0,ok/optimal,1
SCN0225,1.052596,0.266337,0.867739,0.253583,2,7368075.859140692,3247710.2680158755,1860282.0,2260083.591124817,0.8822773564397639,3719.1663130000034,13,1.0,ok/optimal,1
SCN0226,0.986476,0.256821,0.811707,0.482387,2,9750899.85706545,2054066.786937013,1884220.0,5812613.070128437,0.6707025782363363,9749.867919000002,13,1.0,ok/optimal,1
SCN0227,1.145,0.044275,1.455184,0.335419,1,11388898.444806136,2655322.683690422,1982887.0,6750688.761115713,0.8065042894102112,6649.679395000001,14,1.0,ok/optimal,1
SCN0228,1.385499,0.28277,0.542841,0.47636,0,11931111.491669223,2161883.3912717365,2150423.0,7618805.100397487,0.5512123670829705,18662.549626000004,15,1.0,ok/optimal,1
SCN0229,1.131792,0.382095,1.98469,0.427572,1,20408724.83700279,2899211.9402306466,2023170.0,15486342.896772144,0.6744011574068258,11060.464100000001,14,1.0,ok/optimal,1
SCN0230,1.332207,0.076052,1.55169,0.447706,2,25684319.115161188,2047353.0036200164,1855548.0,21781418.11154117,0.5183584178239999,19258.371665999995,13,1.0,ok/optimal,1
SCN0231,0.809163,0.036723,0.903605,0.015353,3,3726286.4899723744,2499963.4899723744,1226323.0,0.0,1.0,0.0,9,0.9452578411090828,ok/optimal,0
SCN0232,0.921858,0.191929,1.406713,0.440179,3,12123410.78042014,2413058.1016057143,1756044.0,7954308.678814426,0.7097348034118903,8031.244973999997,12,1.0,ok/optimal,1
SCN0233,1.318861,0.338905,0.582491,0.328799,1,10300080.65936116,2941095.0229432248,2046256.0,5312729.636417934,0.6875757469078748,12367.093504000002,14,1.0,ok/optimal,1
SCN0234,1.141684,0.204146,1.497216,0.071358,3,7829417.7771862475,3696794.9292125213,1775078.0,2357544.847973726,0.9338316634794324,2267.35754,12,1.0,ok/optimal,1
SCN0235,1.092535,0.385024,1.76504,0.041816,0,5900947.952961229,4233260.952961229,1667687.0,0.0,1.0,0.0,12,0.9792233774638759,ok/optimal,0
SCN0236,1.021283,0.361307,1.711733,0.058906,2,5539947.251910641,4051431.251910641,1488516.0,0.0,1.0,0.0,11,0.9804044420461527,ok/optimal,0
SCN0237,0.977159,0.25536,0.693506,0.244666,1,5565500.944506713,3552613.944506713,2012887.0,0.0,1.0,0.0,14,0.9708028530795929,ok/optimal,0
SCN0238,1.207298,0.253447,0.721894,0.033874,0,6023277.905545787,4184915.9055457865,1838362.0000000007,0.0,1.0,0.0,13,0.994449256735759,ok/optimal,0
SCN0239,1.019441,-0.010973,1.487318,0.208428,1,4830969.753725724,2819434.7537257243,2011535.0,0.0,1.0,0.0,14,0.9515724988075345,ok/optimal,0
SCN0240,1.061141,0.070525,0.92761,0.08117,0,4865371.41845065,3197684.4184506494,1667687.0,0.0,1.0,0.0,12,0.9908965310152539,ok/optimal,0
SCN0241,1.266109,0.305073,1.894626,0.022089,1,6544209.4269365715,4566959.4269365715,1977250.0,0.0,1.0,0.0,14,0.954451097910556,ok/optimal,0
SCN0242,1.36771,0.100228,1.356431,0.054484,3,13444760.445768606,3575521.682190238,1776430.0,8092808.763578368,0.7899636637192807,8622.085688,12,1.0,ok/optimal,1
SCN0243,1.396194,0.014028,1.34513,0.043972,0,6297292.385351885,4095391.008761,2150423.0,51478.376590885215,0.9986589535325903,56.19704399999989,15,1.0,ok/optimal,1
SCN0244,1.090949,-0.068438,1.639216,0.450288,2,17457817.353964455,1671032.2630922773,1830577.0,13956208.090872176,0.6373009050838183,11876.126054,13,1.0,ok/optimal,1
SCN0245,0.882901,0.011523,1.82413,0.329434,1,4571797.52523948,2548627.5252394797,2023170.0,0.0,1.0,0.0,14,0.9862210906669968,ok/optimal,0
SCN0246,0.814954,0.188557,1.192856,0.319303,3,5473754.160212882,2705524.368026252,1756115.0,1012114.7921866298,0.9494960371870128,1235.328412999999,12,1.0,ok/optimal,1
SCN0247,1.096794,0.362068,1.342833,0.490026,2,16686376.259797659,2490308.6640753187,1801049.0,12395018.59572234,0.6105898815863876,12819.059880000003,13,1.0,ok/optimal,1
SCN0248,0.845813,0.095761,0.616425,0.279297,1,4324342.453077411,2590622.29730925,1667687.0,66033.15576816114,0.9938036425480807,157.30216400000353,12,1.0,ok/optimal,1
SCN0249,0.870628,0.294768,1.886679,0.466629,1,10606220.660910448,2513242.7445278927,2012887.0,6080090.916382555,0.8214161533345878,4666.579638999998,14,1.0,ok/optimal,1
SCN0250,0.940903,-0.035602,1.841628,0.326593,0,4720799.187734373,2570376.1877343724,2150423.0,0.0,1.0,0.0,15,0.9521893653034224,ok/optimal,0
SCN0251,1.395196,0.311368,0.582184,0.223696,2,10364560.747362744,3134929.9858506075,1840860.0,5388770.761512136,0.69962144218382,12578.476088000005,13,1.0,ok/optimal,1
SCN0252,0.897337,0.363767,1.027237,0.349591,2,6557132.486141259,3186451.533727277,1845823.0,1524857.9524139818,0.9216634288363834,2109.8132330000008,13,1.0,ok/optimal,1
SCN0253,0.866079,0.15128,1.839355,0.215866,1,4409846.758233966,2921330.758233966,1488516.0,0.0,1.0,0.0,11,0.9951917075731146,ok/optimal,0
SCN0254,1.349554,0.127388,1.37996,0.096225,2,11600758.445972685,3550909.8906931006,1875863.0,6173985.555279584,0.8413111448303043,6427.773605999999,13,1.0,ok/optimal,1
SCN0255,1.173242,0.354055,0.979467,0.027656,0,6176572.360947881,4326575.360947881,1849997.0,0.0,1.0,0.0,13,0.9717561439587705,ok/optimal,0
SCN0256,1.24394,0.01391,1.029799,0.461935,0,14386896.889285132,2031831.3003496593,2150423.0,10204642.588935474,0.6308522628879594,13782.35785,15,1.0,ok/optimal,1
SCN0257,1.01284,0.360314,1.49706,0.18349,3,7600000.01531025,3821577.9633822693,1726640.0,2051782.0519279812,0.9342246797208997,1999.528939999997,12,1.0,ok/optimal,1
SCN0258,1.3603,0.35875,1.533899,0.418854,1,23740603.401016664,2901735.130644619,1997818.0,18841050.270372044,0.5818001344281879,17074.282596000005,14,1.0,ok/optimal,1
SCN0259,1.38566,0.378773,0.721897,0.217007,1,11016789.002853785,3742531.9079058836,2023170.0,5251087.094947902,0.7534687713549737,10253.036386999995,14,1.0,ok/optimal,1
SCN0260,1.135073,0.345564,1.170503,0.033548,2,6571372.811403425,4927253.811403425,1644119.0,0.0,1.0,0.0,12,0.9989038208824706,ok/optimal,0
SCN0261,1.392104,0.162867,1.752139,0.278191,2,22591751.4121324,2800649.032294181,1878799.0,17912303.37983822,0.6547010308393219,14427.491974000004,13,1.0,ok/optimal,1
SCN0262,1.103477,0.240884,1.75048,0.044236,0,5521485.673930031,3853798.673930031,1667687.0,0.0,1.0,0.0,12,0.9906313887022101,ok/optimal,0
SCN0263,1.063844,0.166498,1.548301,0.363001,2,13297796.98131281,2491276.1518251738,1913084.0,8893436.829487635,0.7433467209388511,8194.994077000001,13,1.0,ok/optimal,1
SCN0264,1.27126,0.050873,1.712615,0.195897,1,10707233.720459513,3327209.7020107466,1983359.0,5396665.018448767,0.8787145467969664,4627.718952000002,14,1.0,ok/optimal,1
SCN0265,1.186549,0.39532,1.530009,0.399756,1,17447933.83765682,3132949.954513596,1979034.0,12335949.883143222,0.6822233639373906,11317.005298000004,14,1.0,ok/optimal,1
SCN0266,0.920318,-0.087514,1.754526,0.051784,0,3760031.8163301097,2401678.8163301097,1358353.0,0.0,1.0,0.0,10,0.9862079449323303,ok/optimal,0
SCN0267,1.108964,0.025764,1.033382,0.013221,2,5028943.360090646,3484744.3600906455,1544199.0,0.0,1.0,0.0,11,0.999179151021515,ok/optimal,0
SCN0268,0.809876,0.364323,0.606582,0.061504,2,4763267.278107588,3544807.2781075886,1218460.0,0.0,1.0,0.0,9,0.9753617915903511,ok/optimal,0
SCN0269,1.325396,0.376154,0.642634,0.470995,1,13159331.118431276,2394044.956598292,1979034.0,8786252.161832985,0.5382679976270296,18367.900159000004,14,1.0,ok/optimal,1
SCN0270,1.125468,0.039408,1.390372,0.13724,1,5287569.123184821,3486992.1231848206,1800577.0000000007,0.0,1.0,0.0,13,0.9928838479208137,ok/optimal,0
SCN0271,0.827712,0.399892,0.518805,0.294423,1,5176882.967896529,3462453.9678965285,1714429.0,0.0,1.0,0.0,12,0.9879433139854185,ok/optimal,0
SCN0272,1.362655,0.306322,1.761539,0.195118,2,18192543.178625714,3532695.2282639896,1878799.0,12781048.950361725,0.7458280525261638,10395.309134,13,1.0,ok/optimal,1
SCN0273,1.399662,0.288429,0.784706,0.108095,0,8414338.533030735,4645267.052907708,2150423.0,1618648.480123028,0.92936814393163,2967.205798000002,15,1.0,ok/optimal,1
SCN0274,1.242383,0.185923,1.725277,0.079531,1,6470570.964663994,4418598.964663994,2051972.0,0.0,1.0,0.0,14,0.9962358609710454,ok/optimal,0
SCN0275,1.058794,0.097136,1.033617,0.296956,2,8296321.82931856,3009647.788608769,1855101.0,3431573.040709791,0.8498390606993089,4771.9109,13,1.0,ok/optimal,1
SCN0276,1.154852,-0.09538,0.659899,0.232003,1,6263384.427101947,2589911.5045371074,2008153.0,1665319.92256484,0.8957598069113781,3613.1452119999976,14,1.0,ok/optimal,1
SCN0277,0.806139,0.08279,1.05469,0.479685,2,6682077.29074631,1999260.347891087,1809714.0,2873102.942855223,0.8380795230830242,3917.739765999998,13,1.0,ok/optimal,1
SCN0278,0.86507,0.087392,0.513639,0.41474,0,4934485.824835884,2663372.0093994453,2150423.0,120690.8154364388,0.9867109483794527,345.03974000000045,15,1.0,ok/optimal,1
SCN0279,0.9986,-0.059256,0.80129,0.409924,3,8359318.429297942,1878020.2895186527,1706821.0,4774477.139779289,0.7231841679704288,8296.718691999999,12,1.0,ok/optimal,1
SCN0280,1.046761,-0.057748,0.719455,0.03307,1,4385797.878504801,2718110.878504801,1667687.0,0.0,1.0,0.0,12,0.9352011313143841,ok/optimal,0
SCN0281,1.253569,0.031684,1.96349,0.225781,0,10375027.483824262,3227005.8381503182,2150423.0,4997598.645673944,0.9007576033093692,3733.9574599999983,15,1.0,ok/optimal,1
SCN0282,0.902438,0.147177,1.149754,0.001648,3,4413780.696593207,3155142.6965932073,1258638.0,0.0,1.0,0.0,9,0.9941234205804635,ok/optimal,0
SCN0283,0.869663,0.28706,1.323264,0.424406,1,7528811.971807087,2714420.545487285,2023170.0,2791221.426319802,0.8825296858745324,3066.2178080000012,14,1.0,ok/optimal,1
SCN0284,1.218478,0.19444,0.584041,0.128039,3,7399657.556124287,3407940.547830938,1737372.0,2254345.0082933484,0.8494439824035375,5506.044144999998,12,1.0,ok/optimal,1
SCN0285,1.332819,0.170481,0.58866,0.214305,2,9337880.61856514,2868825.787211311,1870565.0,4598489.831353829,0.729085738434916,10837.445371,13,1.0,ok/optimal,1
SCN0286,1.3278,0.298299,1.402174,0.118061,2,11491550.77250998,4315839.712365845,1850597.0,5325114.060144134,0.8626949647979208,5471.961163000001,13,1.0,ok/optimal,1
SCN0287,1.24515,0.324001,1.006779,0.044026,1,6686318.735961611,4663148.735961611,2023170.0,0.0,1.0,0.0,14,0.9748169939725744,ok/optimal,0
SCN0288,1.39014,0.119922,0.945168,0.479303,3,19859293.609391097,1787934.3443530418,1775434.0,16295925.265038054,0.4451244143863734,23151.441364,12,1.0,ok/optimal,1
SCN0289,1.113255,0.203583,0.744889,0.283267,3,8769114.782764476,2819405.482246069,1691394.0,4258315.3005184075,0.7601010025441245,8015.801715000001,12,1.0,ok/optimal,1
SCN0290,1.264681,0.360637,1.637361,0.229753,0,11102048.616534479,4194938.493644692,2150423.0,4756687.122889787,0.8882626004588416,4241.343355999998,15,1.0,ok/optimal,1
SCN0291,1.050306,-0.060095,1.913127,0.388092,3,17647909.37871056,2081582.554017461,1684717.0,13881609.8246931,0.6725111784133843,10323.719715999998,12,1.0,ok/optimal,1
SCN0292,1.011953,0.204453,1.053301,0.244603,3,7876081.930132322,3028427.15580842,1756967.0,3090687.7743239026,0.8608306670874794,4226.9563780000035,12,1.0,ok/optimal,1
SCN0293,1.346493,0.288256,1.064335,0.423427,0,16536056.03094047,2758667.5545696127,2150423.0,11626965.476370858,0.6245145435721178,15174.7344,15,1.0,ok/optimal,1
SCN0294,1.058424,0.113667,0.938315,0.405143,3,11030258.360590754,2163247.7608414944,1731656.0,7135354.59974926,0.6656098739725764,10622.751014000001,12,1.0,ok/optimal,1
SCN0295,1.247883,0.274971,0.762449,0.011489,0,6316027.407722129,4365635.536078593,1838362.0,112029.87164353592,0.9942392612446157,215.76248100000197,13,1.0,ok/optimal,1
SCN0296,1.098214,0.320018,0.971729,0.244663,2,8219958.964710678,3630034.816405856,1879192.0,2710732.148304822,0.8816062677268159,3902.469932000001,13,1.0,ok/optimal,1
SCN0297,0.867328,0.282172,1.732508,0.018125,0,4474058.674096262,3115705.6740962625,1358353.0,0.0,1.0,0.0,10,0.9066447222539162,ok/optimal,0
SCN0298,0.876126,0.168403,0.625059,0.193482,3,4718095.753138552,3262080.753138552,1456015.0,0.0,1.0,0.0,11,0.9787270772080454,ok/optimal,0
SCN0299,1.106074,0.262185,1.729547,0.184962,1,5909320.394402407,3932070.394402407,1977250.0,0.0,1.0,0.0,14,0.9934396200873178,ok/optimal,0
SCN0300,1.224607,0.254668,0.582563,0.399421,0,9249751.98877087,2622665.4903706033,2150423.0,4476663.498400267,0.7152630005903092,10465.609352000001,15,1.0,ok/optimal,1
SCN0301,1.245491,0.091683,1.306595,0.114613,3,10948550.422390936,3229955.393494206,1707424.0,6011171.028896729,0.8239448253445834,6581.323917999997,12,1.0,ok/optimal,1
SCN0302,1.001418,-0.089367,1.64978,0.293906,0,4753918.072058435,2603495.0720584346,2150423.0,0.0,1.0,0.0,15,0.9683225525391207,ok/optimal,0
SCN0303,0.805526,0.374858,1.008974,0.233186,3,5011214.839952567,3476306.8399525667,1534908.0,0.0,1.0,0.0,11,0.9779664222893452,ok/optimal,0
SCN0304,1.120014,0.133848,1.814387,0.413152,3,21550036.415010065,2261687.3554081265,1723990.0,17564359.059601936,0.5981760704768695,13507.753476,12,1.0,ok/optimal,1
SCN0305,0.91374,0.049253,1.643582,0.406139,0,6310813.855823879,2571287.236518823,2150423.0,1589103.6193050558,0.9478825398659108,1429.3209460000016,15,1.0,ok/optimal,1
SCN0306,0.992072,0.025266,1.461648,0.033129,1,4486086.029026834,2891663.0290268343,1594423.0,0.0,1.0,0.0,11,0.9895142094368695,ok/optimal,0
SCN0307,1.139869,0.099747,1.039445,0.398883,0,10429534.647041028,2491491.333224065,2150423.0,5787620.313816963,0.7691241054264716,7898.732608,15,1.0,ok/optimal,1
SCN0308,1.0351,0.18894,0.704355,0.074692,3,5164988.880726545,3494162.8807265447,1670826.0,0.0,1.0,0.0,12,0.9443341376533443,ok/optimal,0
SCN0309,1.075401,0.158878,1.392794,0.329677,0,8081920.057098773,3141966.5263429713,2150423.0,2789530.5307558016,0.9090882415131298,2934.366612000001,15,1.0,ok/optimal,1
SCN0310,0.830275,0.091097,0.806209,0.03327,1,3851286.468196941,2660469.4681969415,1190816.9999999998,0.0,1.0,0.0,9,0.9436542473466434,ok/optimal,0
SCN0311,0.909809,-0.061115,1.818847,0.040274,3,4108414.5328167225,2876121.532816723,1232292.9999999993,0.0,1.0,0.0,9,0.9970983220407705,ok/optimal,0
SCN0312,1.305137,0.390379,1.818773,0.468627,1,28098716.9726356,2754879.0870789313,1979034.0,23364803.885556668,0.5490701322687948,17663.996997,14,1.0,ok/optimal,1
SCN0313,1.107129,-0.092144,1.242516,0.430096,3,15446560.5423198,1575011.0665886821,1696092.0,12175457.47573112,0.5886947274115271,13667.415006000003,12,1.0,ok/optimal,1
SCN0314,1.331071,0.359883,1.534863,0.228135,3,17970684.792977124,3578256.46920068,1648444.0,12743984.323776444,0.7054653049630661,11766.886383999998,12,1.0,ok/optimal,1
SCN0315,1.314381,-0.084107,1.590466,0.104236,1,7595410.270106779,3360218.498933347,1982887.0,2252304.7711734325,0.9469707817940147,2091.9937139999993,14,1.0,ok/optimal,1
SCN0316,0.915902,0.152713,1.014688,0.112186,1,4470587.7741814675,2956805.7741814675,1513782.0,0.0,1.0,0.0,11,0.9738526909916089,ok/optimal,0
SCN0317,1.039758,0.292734,0.730347,0.145222,1,5525479.114120238,3687117.1141202385,1838362.0,0.0,1.0,0.0,13,0.9710353065646052,ok/optimal,0
SCN0318,1.115467,0.231788,1.143119,0.175577,0,5841939.516111792,3864689.5161117935,1977249.9999999986,0.0,1.0,0.0,14,0.9908598500643038,ok/optimal,0
SCN0319,0.858509,0.252871,1.255092,0.034269,2,4408422.87965274,3060404.87965274,1348018.0000000002,0.0,1.0,0.0,10,0.8979564500624445,ok/optimal,0
SCN0320,0.851214,-0.051254,1.539825,0.162701,1,3858554.5122890654,2502328.5122890654,1356226.0,0.0,1.0,0.0,10,0.9972892167409793,ok/optimal,0
SCN0321,1.304892,0.332026,1.526323,0.024515,2,8914429.534784693,4666617.226175167,1845692.0,2402120.3086095266,0.9409382235299857,2313.156157999997,13,1.0,ok/optimal,1
SCN0322,1.296028,0.224913,0.583146,0.027482,0,6412166.927205393,4434916.927205392,1977250.0000000007,0.0,1.0,0.0,14,0.9770846657192552,ok/optimal,0
SCN0323,1.029974,0.370877,1.882981,0.433813,1,15284478.093159182,2812187.213867331,2051972.0,10420318.879291851,0.7441616149982606,7908.8956389999985,14,1.0,ok/optimal,1
SCN0324,1.223951,0.397624,0.807682,0.33985,3,12604286.866911527,2766131.892530611,1713793.0,8124361.974380915,0.6273602629218464,13689.168664,12,1.0,ok/optimal,1
SCN0325,1.11076,0.277321,0.850509,0.380911,3,11633363.635390155,2468271.925327918,1760349.0,7404742.710062237,0.6422948322556847,11925.300307999998,12,1.0,ok/optimal,1
SCN0326,1.248592,0.302577,0.633649,0.34068,3,10930060.863883406,2411456.3275633804,1691689.0,6826915.536320026,0.6085761677504951,14668.702167999998,12,1.0,ok/optimal,1
SCN0327,0.989111,0.380515,1.244099,0.157506,2,5940736.841548324,4254955.841548324,1685781.0,0.0,1.0,0.0,12,0.9561042264748423,ok/optimal,0
SCN0328,1.084422,0.259661,1.886543,0.332822,0,9840709.126270564,3386908.277290525,2150423.0,4303377.848980038,0.8972960436071687,3342.7921359999973,15,1.0,ok/optimal,1
SCN0329,1.335774,0.20585,1.493981,0.440402,2,24848025.4224129,2304823.4032036676,1913966.0,20629236.01920923,0.5279984770645376,18923.447691999998,13,1.0,ok/optimal,1
SCN0330,1.289986,0.163478,1.237024,0.463342,1,19527583.842211995,2257021.0925304494,2046256.0,15224306.749681547,0.5620560036759209,16956.157904,14,1.0,ok/optimal,1
SCN0331,0.985978,0.161416,1.788922,0.205426,0,4995975.2978540175,3157613.2978540175,1838361.9999999998,0.0,1.0,0.0,13,0.9881828789778544,ok/optimal,0
SCN0332,1.329063,0.219976,1.924346,0.440975,3,31701178.86907465,2404561.4306232417,1662161.0,27634456.43845141,0.5051202335133651,19740.999782000003,12,1.0,ok/optimal,1
SCN0333,1.039231,0.212339,1.341675,0.372353,2,10719244.923804875,2875604.8423118223,1844180.0,5999460.081493054,0.7934055764827022,6443.985670999998,13,1.0,ok/optimal,1
SCN0334,1.209428,-0.099293,1.68949,0.10713,0,5042788.836009049,3065538.8360090493,1977250.0,0.0,1.0,0.0,14,0.9918219414316992,ok/optimal,0
SCN0335,1.226906,-0.025372,1.974176,0.281664,0,12236351.59256728,2812807.475917545,2150423.0,7273121.116649734,0.8539033100790719,5379.916620000003,15,1.0,ok/optimal,1
SCN0336,1.041011,0.108381,0.544117,0.140859,0,4995114.442818717,3145117.4428187166,1849997.0,0.0,1.0,0.0,13,0.97534074914299,ok/optimal,0
SCN0337,1.296256,0.043796,1.377628,0.104261,2,9601864.328101,3559337.302564705,1851801.0,4190726.0255362946,0.8848529674037224,4479.890597000005,13,1.0,ok/optimal,1
SCN0338,1.079211,0.237259,1.532715,0.24873,0,5988239.904391442,3837816.9043914424,2150423.0,0.0,1.0,0.0,15,0.9823397939847969,ok/optimal,0
SCN0339,1.376413,0.395333,1.316693,0.31374,1,17770676.08902773,3500452.1125319335,2018133.0,12252090.976495795,0.6819465901071116,13139.314262000004,14,1.0,ok/optimal,1
SCN0340,1.362019,0.03292,0.955425,0.012833,3,9563270.136310318,3190617.602672854,1718570.0,4654082.533637465,0.830985601755031,6909.247462000002,12,1.0,ok/optimal,1
SCN0341,1.340159,0.305348,0.900777,0.155087,0,8611006.03765006,4436423.127394298,2150423.0,2024159.9102557618,0.9194921384376383,3238.3105640000003,15,1.0,ok/optimal,1
SCN0342,1.345012,0.085682,1.82769,0.193335,1,15460101.272774598,3135054.684602452,2023170.0,10301876.588172145,0.7997073964240836,8085.650203000005,14,1.0,ok/optimal,1
SCN0343,0.888228,0.261897,1.821108,0.11399,1,4627648.353449205,3113866.353449205,1513782.0,0.0,1.0,0.0,11,0.951409798689004,ok/optimal,0
SCN0344,1.189,-0.05563,0.706463,0.358537,0,8216288.12240409,2282662.990863068,2150423.0,3783202.131541022,0.7868321769997662,7607.244638000001,15,1.0,ok/optimal,1
SCN0345,1.244669,0.211967,1.616473,0.11265,3,12435879.27912181,3424984.423108401,1757655.0,7253239.85601341,0.8266019897068492,6477.715366000001,12,1.0,ok/optimal,1
SCN0346,1.117256,0.160286,1.548645,0.295162,0,8304056.7154061375,3318289.340278188,2150423.0,2835344.375127949,0.9200871597140379,2679.742971999998,15,1.0,ok/optimal,1
SCN0347,1.117533,0.31454,1.192882,0.41398,2,13933815.150317064,2599692.3093918953,1928039.0,9406083.840925168,0.6738377258200732,10940.016102000005,13,1.0,ok/optimal,1
SCN0348,0.920859,-0.040718,1.096263,0.463824,0,7322194.638326596,1987281.8715199963,2150423.0,3184489.766806599,0.8491933582718647,4168.093802,15,1.0,ok/optimal,1
SCN0349,0.896472,0.160869,0.986099,0.087859,2,4349456.157716722,2991103.157716722,1358353.0,0.0,1.0,0.0,10,0.9974647118051132,ok/optimal,0
SCN0350,1.269881,0.331683,1.576079,0.11361,2,10852412.837234106,4501680.713192083,1884220.0,4466512.124042024,0.8922224502736014,4107.855984000002,13,1.0,ok/optimal,1
SCN0351,0.889763,0.247375,1.17871,0.136105,3,4932095.468036682,3375346.468036683,1556749.0,0.0,1.0,0.0,11,0.9890563243503905,ok/optimal,0
SCN0352,1.236918,-0.019624,1.516629,0.170645,0,6379472.090301707,3385871.0256359717,2150423.0,843178.0646657357,0.9778942963936093,820.6710819999965,15,1.0,ok/optimal,1
SCN0353,0.846241,0.326681,1.548421,0.140695,2,4863521.725397795,3458426.725397795,1405095.0,0.0,1.0,0.0,10,0.9725546732702138,ok/optimal,0
SCN0354,1.047351,0.015495,1.971793,0.351795,2,13275543.179150218,2241537.1556734736,1825843.0,9208163.023476744,0.7865842591660324,6708.7649839999995,13,1.0,ok/optimal,1
SCN0355,0.814407,-0.06315,1.525312,0.235826,3,3980915.108867063,2441466.108867063,1539449.0,0.0,1.0,0.0,11,0.961329485028029,ok/optimal,0
SCN0356,1.196224,-0.057559,0.618315,0.025369,3,6010929.565234959,3161918.6371033425,1761831.0,1087179.928131617,0.9283888955275298,2571.086935999997,12,1.0,ok/optimal,1
SCN0357,0.97575,0.292126,0.832507,0.100959,3,5401773.874098838,3905796.8740988383,1495977.0,0.0,1.0,0.0,11,0.9669577996871452,ok/optimal,0
SCN0358,1.08062,0.320181,1.383074,0.124759,2,6399866.887011699,4500499.887011699,1899367.0,0.0,1.0,0.0,13,0.977277420586062,ok/optimal,0
SCN0359,0.971869,0.340319,0.537327,0.386075,2,6825624.409717093,2502687.5850676135,1849997.0,2472939.8246494797,0.7847888084092899,6277.640765999998,13,1.0,ok/optimal,1
SCN0360,1.109465,0.277195,1.180222,0.065546,0,5696959.509424856,3846962.5094248555,1849997.0,0.0,1.0,0.0,13,0.9577423258525216,ok/optimal,0
SCN0361,1.194588,0.347014,0.959062,0.047289,0,6297923.736775029,4459561.736775029,1838362.0,0.0,1.0,0.0,13,0.998754141674336,ok/optimal,0
SCN0362,0.900148,0.363801,0.768404,0.317462,0,5393654.450598799,3416404.4505987987,1977250.0,0.0,1.0,0.0,14,0.9688098869743519,ok/optimal,0
SCN0363,1.266229,0.168581,0.568422,0.042536,3,6916253.542623763,3666944.0340711325,1671298.0,1578011.5085526307,0.8967077316272609,3925.581054000004,12,1.0,ok/optimal,1
SCN0364,1.269509,0.21613,0.525214,0.351399,1,8954602.93028454,2682595.1384736313,1983359.0,4288648.791810907,0.7097613491544512,11058.97583,14,1.0,ok/optimal,1
SCN0365,1.365299,0.376719,0.754842,0.089403,0,7928098.982643318,5198001.470785527,2150423.0,579674.5118577918,0.9727266139889031,1117.6111080000023,15,1.0,ok/optimal,1
SCN0366,1.028417,0.157099,1.907671,0.316176,1,8175626.824243658,3129620.5094851484,1983359.0,3062647.3147585103,0.9237311898439732,2354.1823339999983,14,1.0,ok/optimal,1
SCN0367,1.323879,0.020373,0.991054,0.174054,0,7979859.032049244,3397935.3322203034,2150423.0,2431500.6998289414,0.9099042978830221,3579.944101999998,15,1.0,ok/optimal,1
SCN0368,0.856211,0.369309,1.906038,0.038643,0,4648348.229680459,3289995.2296804544,1358353.0000000047,0.0,1.0,0.0,10,0.913124847910485,ok/optimal,0
SCN0369,1.396344,-0.074662,0.647304,0.349319,1,11043456.680595662,2126113.373110548,1968113.0,6949230.307485114,0.6441932846540648,14911.812763999998,14,1.0,ok/optimal,1
SCN0370,0.927324,0.191673,1.406023,0.001585,0,4484983.785080909,3126630.7850809065,1358353.0000000023,0.0,1.0,0.0,10,0.94736079590998,ok/optimal,0
SCN0371,1.024309,0.364728,1.293487,0.376624,0,8613097.691806145,3377801.7437973563,2150423.0,3084872.9480087883,0.8875880462524178,3455.949302000001,15,1.0,ok/optimal,1
SCN0372,0.856102,0.272181,1.452182,0.451749,3,10660875.986059071,2259109.547772365,1739832.0,6661934.438286705,0.7491576893661991,6445.404567,12,1.0,ok/optimal,1
SCN0373,1.301085,0.202741,1.771221,0.104946,2,10822179.617656069,3987225.0130220107,1810186.0,5024768.604634059,0.8930423983325793,4176.776188000001,13,1.0,ok/optimal,1
SCN0374,1.09156,0.143219,1.084835,0.241574,2,8278453.650336404,2911622.977791414,1869265.0,3497565.6725449907,0.8578743818924544,4656.331131999999,13,1.0,ok/optimal,1
SCN0375,1.377441,0.036285,1.497992,0.359692,2,22447246.285782598,2335902.349172146,1888954.0,18222389.936610453,0.5913273522047798,16895.554733999998,13,1.0,ok/optimal,1
SCN0376,0.886769,0.181668,0.816955,0.150473,2,4618981.552135215,3034893.5521352147,1584088.0,0.0,1.0,0.0,11,0.9917498948275129,ok/optimal,0
SCN0377,1.335093,0.269292,1.678678,0.298948,3,23311984.764353137,2959444.4295239514,1739832.0,18612708.334829185,0.614268202028545,15456.844530000002,12,1.0,ok/optimal,1
SCN0378,1.015728,0.180607,1.301693,0.014914,1,4913727.306590119,3373064.306590119,1540663.0,0.0,1.0,0.0,11,0.9681048240398457,ok/optimal,0
SCN0379,0.941774,0.283196,0.620562,0.160716,3,5659965.595392737,3907973.595392736,1751992.0,0.0,1.0,0.0,12,0.9908774995324082,ok/optimal,0
SCN0380,1.194274,0.383558,0.939483,0.146842,0,6835515.050586728,4685092.050586728,2150423.0,0.0,1.0,0.0,15,0.9541843970856033,ok/optimal,0
SCN0381,0.818113,0.219709,0.702232,0.335054,1,4707276.0319405375,2872296.0319405375,1834980.0,0.0,1.0,0.0,13,0.9804849453819247,ok/optimal,0
SCN0382,1.115282,0.253939,1.617806,0.312417,2,12873352.436846837,3026177.373415647,1844960.0,8002215.063431189,0.7871014749483219,7126.580971000002,13,1.0,ok/optimal,1
SCN0383,1.084163,0.324642,1.105711,0.341592,2,11034061.018717745,2793128.0474518235,1869265.0,6371667.971265921,0.749822755519441,8140.784618,13,1.0,ok/optimal,1
SCN0384,0.829103,0.176584,1.285023,0.438981,1,6436879.399003483,2499982.150708345,2046256.0,1890641.2482951386,0.9141891519084355,2135.376992000004,14,1.0,ok/optimal,1
SCN0385,1.060509,0.044175,1.414235,0.467925,2,15386093.996613214,2054497.5975312048,1879192.0,11452404.39908201,0.6431012904843938,11360.127725999995,13,1.0,ok/optimal,1
SCN0386,0.982952,0.296747,1.059172,0.052014,1,5289370.282708317,3765608.282708317,1523762.0,0.0,1.0,0.0,11,0.9553323150423648,ok/optimal,0
SCN0387,0.949189,0.312416,1.978937,0.318852,3,12112247.050381389,2898726.3898664303,1739007.0,7474513.660514959,0.8095174439532583,5426.649662,12,1.0,ok/optimal,1
SCN0388,1.358176,0.389936,1.629458,0.169987,3,18524487.108832315,3896743.3290585093,1731831.0,12895912.779773807,0.7261237805094469,11164.370858000002,12,1.0,ok/optimal,1
SCN0389,1.158978,-0.089404,1.472746,0.158892,2,7115312.685827167,2878866.8348583956,1884908.0,2351537.850968771,0.9322038057715883,2358.328968000003,13,1.0,ok/optimal,1
SCN0390,0.892495,0.153515,0.728072,0.413279,3,7051913.525331073,2216012.579228397,1731656.0,3104244.9461026764,0.7785610974323612,5931.760264000001,12,1.0,ok/optimal,1
SCN0391,1.254279,-0.06938,1.056481,0.264429,1,10524037.460431308,2411941.9628346865,2023170.0,6088925.4975966215,0.7819779472709514,8207.642914999999,14,1.0,ok/optimal,1
SCN0392,1.02174,0.148143,1.068732,0.221625,3,6992280.547375004,3241161.955487175,1638325.0,2112793.5918878284,0.9055002747955848,2897.976235000002,12,1.0,ok/optimal,1
SCN0393,1.15931,0.138726,1.555614,0.096065,1,5807440.947236329,3761184.94723633,2046256.0,0.0,1.0,0.0,14,0.9561095862325428,ok/optimal,0
SCN0394,1.027961,0.009885,0.622055,0.370096,3,7546629.046267032,1846849.836301077,1730774.0,3969005.2099659545,0.7141365140379354,8819.809437999997,12,1.0,ok/optimal,1
SCN0395,1.183128,0.39959,0.70994,0.433794,3,12518974.189480372,2219770.699145878,1762093.0,8537110.490334494,0.548293560277294,16040.27807,12,1.0,ok/optimal,1
SCN0396,1.209162,0.271418,1.691169,0.333431,2,18548032.52892307,2888404.565239612,1909702.0,13749925.963683456,0.6848112576175795,11438.763103000003,13,1.0,ok/optimal,1
SCN0397,0.970121,0.093041,1.073539,0.360553,3,8895790.962427614,2396537.0571031803,1746902.0,4752351.905324435,0.7851105555794226,6256.981444000001,12,1.0,ok/optimal,1
SCN0398,1.298635,0.297433,0.949118,0.054748,1,7240282.234727551,5023353.288082598,1997818.0,219110.94664495267,0.9912512860915554,341.00064199999974,14,1.0,ok/optimal,1
SCN0399,1.170878,0.023408,0.657576,0.158153,1,5763164.390952974,3483855.9353286535,2018133.0,261175.45562432046,0.983403986828515,583.2292480000021,14,1.0,ok/optimal,1
SCN0400,1.163161,0.042275,0.626905,0.234453,3,7945111.328658652,2464853.319041868,1746684.0,3733574.0096167834,0.7638560031049304,8244.050055999998,12,1.0,ok/optimal,1
